-- phpMyAdmin SQL Dump
-- version 4.1.8
-- http://www.phpmyadmin.net
--
-- Host: localhost
-- Generation Time: Mar 21, 2014 at 04:05 PM
-- Server version: 5.5.36-cll
-- PHP Version: 5.4.23

SET SQL_MODE = "NO_AUTO_VALUE_ON_ZERO";
SET time_zone = "+00:00";


/*!40101 SET @OLD_CHARACTER_SET_CLIENT=@@CHARACTER_SET_CLIENT */;
/*!40101 SET @OLD_CHARACTER_SET_RESULTS=@@CHARACTER_SET_RESULTS */;
/*!40101 SET @OLD_COLLATION_CONNECTION=@@COLLATION_CONNECTION */;
/*!40101 SET NAMES utf8 */;

--
-- Database: `vertccom_vertesac`
--

-- --------------------------------------------------------

--
-- Table structure for table `activity_member`
--

CREATE TABLE IF NOT EXISTS `activity_member` (
  `act_mb_id` tinyint(3) unsigned NOT NULL AUTO_INCREMENT,
  `name` varchar(50) NOT NULL,
  PRIMARY KEY (`act_mb_id`)
) ENGINE=InnoDB  DEFAULT CHARSET=latin1 AUTO_INCREMENT=9 ;

--
-- Dumping data for table `activity_member`
--

INSERT INTO `activity_member` (`act_mb_id`, `name`) VALUES
(1, 'Sign Up'),
(2, 'Login'),
(3, 'View Store List'),
(4, 'View Promo List'),
(5, 'View Egg History'),
(6, 'Edit Profile'),
(7, 'Change Profile Photo'),
(8, 'View Egg History Store');

-- --------------------------------------------------------

--
-- Table structure for table `bag`
--

CREATE TABLE IF NOT EXISTS `bag` (
  `bag_id` char(22) NOT NULL,
  `bag_type_id` char(3) NOT NULL,
  `seq` char(18) NOT NULL COMMENT 'Sequential ID',
  `activation_code` char(12) NOT NULL,
  `time_added` timestamp NOT NULL DEFAULT CURRENT_TIMESTAMP,
  `fl_active` enum('0','1') NOT NULL DEFAULT '1' COMMENT '1 = aktif, 0 = nonaktif',
  PRIMARY KEY (`bag_id`),
  UNIQUE KEY `seq` (`seq`),
  UNIQUE KEY `activation_code` (`activation_code`),
  KEY `bag_type_id` (`bag_type_id`)
) ENGINE=InnoDB DEFAULT CHARSET=latin1;

--
-- Dumping data for table `bag`
--

INSERT INTO `bag` (`bag_id`, `bag_type_id`, `seq`, `activation_code`, `time_added`, `fl_active`) VALUES
('VB00120140111231749340', '001', 'VQR1401112317494', '1S50VEBYDZJ', '2014-01-11 16:17:49', '1'),
('VB00120140111231749475', '001', 'VQR1401112317492', '29V2JZDBYUS', '2014-01-11 16:17:49', '1'),
('VB00120140111231749631', '001', 'VQR1401112317491', 'VN9SBRFHP3', '2014-01-11 16:17:49', '1'),
('VB00120140111231749723', '001', 'VQR1401112317493', '27W6D916GI8', '2014-01-11 16:17:49', '1'),
('VB00120140111231750157', '001', 'VQR1401112317507', '13IUJ941J1W', '2014-01-11 16:17:50', '1'),
('VB00120140111231750740', '001', 'VQR1401112317508', '25XA6IP0YA4', '2014-01-11 16:17:50', '1'),
('VB00120140111231750860', '001', 'VQR1401112317505', '2OMRYGWHAAW', '2014-01-11 16:17:50', '1'),
('VB00120140111231750931', '001', 'VQR1401112317506', '1N7SEKHKM7Y', '2014-01-11 16:17:50', '1'),
('VB00120140111231751362', '001', 'VQR14011123175113', '1GBNR0B1C7T', '2014-01-11 16:17:51', '1'),
('VB00120140111231751654', '001', 'VQR14011123175111', '10KI95LT9LB', '2014-01-11 16:17:51', '1'),
('VB00120140111231751655', '001', 'VQR14011123175110', '18G302YFAVW', '2014-01-11 16:17:51', '1'),
('VB00120140111231751755', '001', 'VQR14011123175112', '1T4GYRI159B', '2014-01-11 16:17:51', '1'),
('VB00120140111231751983', '001', 'VQR1401112317519', '1W2T8V09EQ0', '2014-01-11 16:17:51', '1'),
('VB00120140111231752100', '001', 'VQR14011123175215', '10KI95LT9P6', '2014-01-11 16:17:52', '1'),
('VB00120140111231752255', '001', 'VQR14011123175216', '1Z15IYIHOAC', '2014-01-11 16:17:52', '1'),
('VB00120140111231752490', '001', 'VQR14011123175217', 'BYBX0DWEOM', '2014-01-11 16:17:52', '1'),
('VB00120140111231752712', '001', 'VQR14011123175214', '2101POUN6NA', '2014-01-11 16:17:52', '1'),
('VB00120140111231753204', '001', 'VQR14011123175319', 'YLM2F9NRFF', '2014-01-11 16:17:53', '1'),
('VB00120140111231753502', '001', 'VQR14011123175320', '1AEZ6TAKTDU', '2014-01-11 16:17:53', '1'),
('VB00120140111231753837', '001', 'VQR14011123175318', '2GR77JJV99G', '2014-01-11 16:17:53', '1'),
('VB00120140111231753952', '001', 'VQR14011123175321', 'JTWNXQIG2C', '2014-01-11 16:17:53', '1'),
('VB00120140111231754256', '001', 'VQR14011123175425', '1X29C86C66B', '2014-01-11 16:17:54', '1'),
('VB00120140111231754683', '001', 'VQR14011123175423', '1IAJXQN6UPL', '2014-01-11 16:17:54', '1'),
('VB00120140111231754833', '001', 'VQR14011123175424', '13IUJ941JCO', '2014-01-11 16:17:54', '1'),
('VB00120140111231754913', '001', 'VQR14011123175422', '1BEFA6GNKLM', '2014-01-11 16:17:54', '1'),
('VB00120140111231755202', '001', 'VQR14011123175527', '26WQ9VV3PTU', '2014-01-11 16:17:55', '1'),
('VB00120140111231755489', '001', 'VQR14011123175526', '1Y1PFLCEXE6', '2014-01-11 16:17:55', '1'),
('VB00120140111231755841', '001', 'VQR14011123175529', '2GR77JJV9FS', '2014-01-11 16:17:55', '1'),
('VB00120140111231755885', '001', 'VQR14011123175528', '1U3X24O3WPZ', '2014-01-11 16:17:55', '1'),
('VB00120140111231756249', '001', 'VQR14011123175631', '1IAJXQN6UX9', '2014-01-11 16:17:56', '1'),
('VB00120140111231756309', '001', 'VQR14011123175630', '1X29C86C6A9', '2014-01-11 16:17:56', '1'),
('VB00120140111231756680', '001', 'VQR14011123175632', '2IQ3E9W0RTG', '2014-01-11 16:17:56', '1'),
('VB00120140111231756699', '001', 'VQR14011123175633', '2101POUN6XN', '2014-01-11 16:17:56', '1'),
('VB00120140111231757132', '001', 'VQR14011123175736', 'AYVTN7TNVX', '2014-01-11 16:17:57', '1'),
('VB00120140111231757365', '001', 'VQR14011123175737', '1P6OLATQ52L', '2014-01-11 16:17:57', '1'),
('VB00120140111231757726', '001', 'VQR14011123175735', '1M8CB7BHVLR', '2014-01-11 16:17:57', '1'),
('VB00120140111231757844', '001', 'VQR14011123175734', '9ZFQA1QWQ8', '2014-01-11 16:17:57', '1'),
('VB00120140111231758278', '001', 'VQR14011123175839', 'HV0H7ECY4G', '2014-01-11 16:17:58', '1'),
('VB00120140111231758461', '001', 'VQR14011123175840', '1V3D5HU6O4X', '2014-01-11 16:17:58', '1'),
('VB00120140111231758906', '001', 'VQR14011123175841', '1S50VEBYEO7', '2014-01-11 16:17:58', '1'),
('VB00120140111231758955', '001', 'VQR14011123175838', '2AUINCJEQPN', '2014-01-11 16:17:58', '1'),
('VB00120140111231759219', '001', 'VQR14011123175945', 'GVKDU8A712', '2014-01-11 16:17:59', '1'),
('VB00120140111231759455', '001', 'VQR14011123175943', '14IAMMA4AV3', '2014-01-11 16:17:59', '1'),
('VB00120140111231759478', '001', 'VQR14011123175944', 'UNTOYLCR8N', '2014-01-11 16:17:59', '1'),
('VB00120140111231759504', '001', 'VQR14011123175942', '2OMRYGWHB0C', '2014-01-11 16:17:59', '1'),
('VB00120140111231800276', '001', 'VQR14011123180049', '2DSUXG1N3G0', '2014-01-11 16:18:00', '1'),
('VB00120140111231800629', '001', 'VQR14011123180047', '2BTYQPPHL2Q', '2014-01-11 16:18:00', '1'),
('VB00120140111231800816', '001', 'VQR14011123180046', '29V2JZDC2RS', '2014-01-11 16:18:00', '1'),
('VB00120140111231800995', '001', 'VQR14011123180048', '1U3X24O4080', '2014-01-11 16:18:00', '1'),
('VB00120140111231801116', '001', 'VQR14011123180152', '2PM81U2K5GK', '2014-01-11 16:18:01', '1'),
('VB00120140111231801188', '001', 'VQR14011123180151', 'GVKDU8AAAJ', '2014-01-11 16:18:01', '1'),
('VB00120140111231801821', '001', 'VQR14011123180153', '10KI95LTDGE', '2014-01-11 16:18:01', '1'),
('VB00120140111231801840', '001', 'VQR14011123180150', 'TODLLFA3CB', '2014-01-11 16:18:01', '1'),
('VB00120140111231802211', '001', 'VQR14011123180256', '2CTEU2VKCF5', '2014-01-11 16:18:02', '1'),
('VB00120140111231802557', '001', 'VQR14011123180255', '27W6D916KM9', '2014-01-11 16:18:02', '1'),
('VB00120140111231802906', '001', 'VQR14011123180257', '2HQNAWPY478', '2014-01-11 16:18:02', '1'),
('VB00120140111231802997', '001', 'VQR14011123180254', '1P6OLATQ8JD', '2014-01-11 16:18:02', '1'),
('VB00120140111231803320', '001', 'VQR14011123180360', 'IUGKKKFSQ6', '2014-01-11 16:18:03', '1'),
('VB00120140111231803641', '001', 'VQR14011123180359', 'FW4AH27J96', '2014-01-11 16:18:03', '1'),
('VB00120140111231803856', '001', 'VQR14011123180358', '1K9G4GZCGVG', '2014-01-11 16:18:03', '1'),
('VB00120140111231804135', '001', 'VQR14011123180463', '2DSUXG1N3QW', '2014-01-11 16:18:04', '1'),
('VB00120140111231804356', '001', 'VQR14011123180461', '2LOFODE9500', '2014-01-11 16:18:04', '1'),
('VB00120140111231804389', '001', 'VQR14011123180464', 'SOXI897CFH', '2014-01-11 16:18:04', '1'),
('VB00120140111231804954', '001', 'VQR14011123180462', 'ZL25SFQMK6', '2014-01-11 16:18:04', '1'),
('VB00120140111231805361', '001', 'VQR14011123180566', '2NNBV3QENFE', '2014-01-11 16:18:05', '1'),
('VB00120140111231805435', '001', 'VQR14011123180567', '1M8CB7BHZAO', '2014-01-11 16:18:05', '1'),
('VB00120140111231805516', '001', 'VQR14011123180565', '2MNVRQKBWA0', '2014-01-11 16:18:05', '1'),
('VB00120140111231806155', '001', 'VQR14011123180669', '23YDZSCVKA8', '2014-01-11 16:18:06', '1'),
('VB00120140111231806581', '001', 'VQR14011123180671', '2BTYQPPHLJ9', '2014-01-11 16:18:06', '1'),
('VB00120140111231806650', '001', 'VQR14011123180668', '1N7SEKHKQK2', '2014-01-11 16:18:06', '1'),
('VB00120140111231806984', '001', 'VQR14011123180670', '1T4GYRI19J5', '2014-01-11 16:18:06', '1'),
('VB00120140111231807318', '001', 'VQR14011123180775', '1R5KS15VRA5', '2014-01-11 16:18:07', '1'),
('VB00120140111231807434', '001', 'VQR14011123180774', '1BEFA6GNOQ0', '2014-01-11 16:18:07', '1'),
('VB00120140111231807800', '001', 'VQR14011123180773', '2101POUNAVD', '2014-01-11 16:18:07', '1'),
('VB00120140111231807924', '001', 'VQR14011123180772', '1R5KS15VR8Z', '2014-01-11 16:18:07', '1'),
('VB00120140111231808287', '001', 'VQR14011123180879', '1DDBGWST72X', '2014-01-11 16:18:08', '1'),
('VB00120140111231808337', '001', 'VQR14011123180878', '2DSUXG1N40L', '2014-01-11 16:18:08', '1'),
('VB00120140111231808500', '001', 'VQR14011123180876', '1W2T8V09J6A', '2014-01-11 16:18:08', '1'),
('VB00120140111231808774', '001', 'VQR14011123180877', '2NNBV3QENMG', '2014-01-11 16:18:08', '1'),
('VB00120140111231809480', '001', 'VQR14011123180980', 'TODLLFA3ZQ', '2014-01-11 16:18:09', '1'),
('VB00120140111231809716', '001', 'VQR14011123180982', '1Y1PFLCF1K8', '2014-01-11 16:18:09', '1'),
('VB00120140111231809979', '001', 'VQR14011123180981', '1K9G4GZCHBE', '2014-01-11 16:18:09', '1'),
('VB00120140111231810375', '001', 'VQR14011123181083', '1JA013T9Q91', '2014-01-11 16:18:10', '1'),
('VB00120140111231810406', '001', 'VQR14011123181085', '2KOZL086EC2', '2014-01-11 16:18:10', '1'),
('VB00120140111231810758', '001', 'VQR14011123181084', 'SOXI897CWF', '2014-01-11 16:18:10', '1'),
('VB00120140111231811453', '001', 'VQR14011123181186', '1JA013T9QBO', '2014-01-11 16:18:11', '1'),
('VB00120140111231811902', '001', 'VQR14011123181187', '2ESB0T7PVEV', '2014-01-11 16:18:11', '1'),
('VB00120140111231811956', '001', 'VQR14011123181188', '24XU35IYBSM', '2014-01-11 16:18:11', '1'),
('VB00120140111231812181', '001', 'VQR14011123181289', '23YDZSCVKQU', '2014-01-11 16:18:12', '1'),
('VB00120140111231812188', '001', 'VQR14011123181292', '1L8W7U5F8OJ', '2014-01-11 16:18:12', '1'),
('VB00120140111231812438', '001', 'VQR14011123181291', '2MNVRQKBWSO', '2014-01-11 16:18:12', '1'),
('VB00120140111231812698', '001', 'VQR14011123181293', '1V3D5HU6SBZ', '2014-01-11 16:18:12', '1'),
('VB00120140111231812923', '001', 'VQR14011123181290', 'ZL25SFQN77', '2014-01-11 16:18:12', '1'),
('VB00120140111231813355', '001', 'VQR14011123181394', '10KI95LTEE4', '2014-01-11 16:18:13', '1'),
('VB00120140111231813848', '001', 'VQR14011123181395', 'KTCRAWLBU9', '2014-01-11 16:18:13', '1'),
('VB00120140111231813988', '001', 'VQR14011123181396', '1HB3UDH484C', '2014-01-11 16:18:13', '1'),
('VB00120140111231814340', '001', 'VQR14011123181498', '1X29C86CAT2', '2014-01-11 16:18:14', '1'),
('VB00120140111231814518', '001', 'VQR140111231814101', '16H6TCM9XGL', '2014-01-11 16:18:14', '1'),
('VB00120140111231814555', '001', 'VQR140111231814100', '1U3X24O41A9', '2014-01-11 16:18:14', '1'),
('VB00120140111231814692', '001', 'VQR14011123181497', '1X29C86CARV', '2014-01-11 16:18:14', '1'),
('VB00120140111231814906', '001', 'VQR14011123181499', '1DDBGWST7K4', '2014-01-11 16:18:14', '1'),
('VB00120140111231815316', '001', 'VQR140111231815103', '26WQ9VV3UHB', '2014-01-11 16:18:15', '1'),
('VB00120140111231815787', '001', 'VQR140111231815102', 'FW4AH27K5Y', '2014-01-11 16:18:15', '1'),
('VB00120140111231815904', '001', 'VQR140111231815104', '1W2T8V09JOG', '2014-01-11 16:18:15', '1'),
('VB00120140111231816328', '001', 'VQR140111231816108', '24XU35IYC7H', '2014-01-11 16:18:16', '1'),
('VB00120140111231816501', '001', 'VQR140111231816107', '2KOZL086ESK', '2014-01-11 16:18:16', '1'),
('VB00120140111231816778', '001', 'VQR140111231816106', '2KOZL086ER8', '2014-01-11 16:18:16', '1'),
('VB00120140111231816887', '001', 'VQR140111231816105', '1V3D5HU6SMH', '2014-01-11 16:18:16', '1'),
('VB00120140111231817129', '001', 'VQR140111231817112', '2JPJHN23NPI', '2014-01-11 16:18:17', '1'),
('VB00120140111231817432', '001', 'VQR140111231817110', 'ZL25SFQNJ1', '2014-01-11 16:18:17', '1'),
('VB00120140111231817583', '001', 'VQR140111231817109', 'GVKDU8ABJ7', '2014-01-11 16:18:17', '1'),
('VB00120140111231817668', '001', 'VQR140111231817111', 'LSSUO2O3BR', '2014-01-11 16:18:17', '1'),
('VB00120140111231818164', '001', 'VQR140111231818115', '17GMWPSCOWO', '2014-01-11 16:18:18', '1'),
('VB00120140111231818249', '001', 'VQR140111231818114', 'YLM2F9NWGW', '2014-01-11 16:18:18', '1'),
('VB00120140111231818906', '001', 'VQR140111231818113', '2JPJHN23NT0', '2014-01-11 16:18:18', '1'),
('VB00120140111231818938', '001', 'VQR140111231818116', 'VN9SBRFN06', '2014-01-11 16:18:18', '1'),
('VB00120140111231819219', '001', 'VQR140111231819120', 'XM5Z23L5D6', '2014-01-11 16:18:19', '1'),
('VB00120140111231819255', '001', 'VQR140111231819119', '29V2JZDC485', '2014-01-11 16:18:19', '1'),
('VB00120140111231819643', '001', 'VQR140111231819118', '1U3X24O41NH', '2014-01-11 16:18:19', '1'),
('VB00120140111231819712', '001', 'VQR140111231819117', '26WQ9VV3US5', '2014-01-11 16:18:19', '1'),
('VB00120140111231820684', '001', 'VQR140111231820123', '2OMRYGWHFQQ', '2014-01-11 16:18:20', '1'),
('VB00120140111231820754', '001', 'VQR140111231820122', 'JTWNXQIL6L', '2014-01-11 16:18:20', '1'),
('VB00120140111231820816', '001', 'VQR140111231820121', '1Q64ONZT159', '2014-01-11 16:18:20', '1'),
('VB00120140111231821159', '001', 'VQR140111231821125', '1K9G4GZCI82', '2014-01-11 16:18:21', '1'),
('VB00120140111231821312', '001', 'VQR140111231821126', 'RPHEV34MJJ', '2014-01-11 16:18:21', '1'),
('VB00120140111231821353', '001', 'VQR140111231821127', 'QQ1BHX1VDX', '2014-01-11 16:18:21', '1'),
('VB00120140111231821903', '001', 'VQR140111231821124', 'MS8Y18QUQP', '2014-01-11 16:18:21', '1'),
('VB00120140111231822327', '001', 'VQR140111231822132', '2JPJHN23O2S', '2014-01-11 16:18:22', '1'),
('VB00120140111231822338', '001', 'VQR140111231822128', '2FRR46DSNGU', '2014-01-11 16:18:22', '1'),
('VB00120140111231822438', '001', 'VQR140111231822131', 'RPHEV34MNU', '2014-01-11 16:18:22', '1'),
('VB00120140111231822441', '001', 'VQR140111231822129', 'ZL25SFQNWX', '2014-01-11 16:18:22', '1'),
('VB00120140111231822765', '001', 'VQR140111231822130', 'TODLLFA501', '2014-01-11 16:18:22', '1'),
('VB00120140111231823185', '001', 'VQR140111231823135', '1K9G4GZCIDK', '2014-01-11 16:18:23', '1'),
('VB00120140111231823379', '001', 'VQR140111231823133', '1AEZ6TAKYT1', '2014-01-11 16:18:23', '1'),
('VB00120140111231823980', '001', 'VQR140111231823134', '1BEFA6GNPYE', '2014-01-11 16:18:23', '1'),
('VB00120140111231824231', '001', 'VQR140111231824138', 'PQL84QZ4I8', '2014-01-11 16:18:24', '1'),
('VB00120140111231824288', '001', 'VQR140111231824136', '2JPJHN23O7O', '2014-01-11 16:18:24', '1'),
('VB00120140111231824447', '001', 'VQR140111231824139', '2FRR46DSNMF', '2014-01-11 16:18:24', '1'),
('VB00120140111231824916', '001', 'VQR140111231824137', '200LMBOKL23', '2014-01-11 16:18:24', '1'),
('VB00120140111231825208', '001', 'VQR140111231825143', 'NRP1EETM8G', '2014-01-11 16:18:25', '1'),
('VB00120140111231825224', '001', 'VQR140111231825142', '26WQ9VV3V90', '2014-01-11 16:18:25', '1'),
('VB00120140111231825634', '001', 'VQR140111231825141', '2BTYQPPHN1X', '2014-01-11 16:18:25', '1'),
('VB00120140111231825790', '001', 'VQR140111231825140', '1HB3UDH492B', '2014-01-11 16:18:25', '1'),
('VB00120140111231826130', '001', 'VQR140111231826145', '2AUINCJEVYM', '2014-01-11 16:18:26', '1'),
('VB00120140111231826266', '001', 'VQR140111231826144', '1FC7NN4YQTJ', '2014-01-11 16:18:26', '1'),
('VB00120140111231826501', '001', 'VQR140111231826146', 'ZL25SFQO7X', '2014-01-11 16:18:26', '1'),
('VB00120140111231827395', '001', 'VQR140111231827150', 'RPHEV34N1T', '2014-01-11 16:18:27', '1'),
('VB00120140111231827435', '001', 'VQR140111231827147', 'ZL25SFQOAK', '2014-01-11 16:18:27', '1'),
('VB00120140111231827653', '001', 'VQR140111231827148', '21ZHT20Q3LS', '2014-01-11 16:18:27', '1'),
('VB00120140111231827712', '001', 'VQR140111231827149', 'ZL25SFQOBS', '2014-01-11 16:18:27', '1'),
('VB00120140111231828184', '001', 'VQR140111231828154', '1T4GYRI1B7C', '2014-01-11 16:18:28', '1'),
('VB00120140111231828270', '001', 'VQR140111231828151', '2DSUXG1N5LJ', '2014-01-11 16:18:28', '1'),
('VB00120140111231828774', '001', 'VQR140111231828152', '23YDZSCVLZW', '2014-01-11 16:18:28', '1'),
('VB00120140111231828812', '001', 'VQR140111231828153', 'LSSUO2O46A', '2014-01-11 16:18:28', '1'),
('VB00120140111231829818', '001', 'VQR140111231829157', '1P6OLATQANY', '2014-01-11 16:18:29', '1'),
('VB00120140111231829860', '001', 'VQR140111231829158', '1K9G4GZCITX', '2014-01-11 16:18:29', '1'),
('VB00120140111231829925', '001', 'VQR140111231829156', '10KI95LTFMY', '2014-01-11 16:18:29', '1'),
('VB00120140111231829980', '001', 'VQR140111231829155', '25XA6IP14CV', '2014-01-11 16:18:29', '1'),
('VB00120140111231830312', '001', 'VQR140111231830159', '26WQ9VV3VM8', '2014-01-11 16:18:30', '1'),
('VB00120140111231830394', '001', 'VQR140111231830161', '1IAJXQN70M9', '2014-01-11 16:18:30', '1'),
('VB00120140111231830566', '001', 'VQR140111231830160', 'XM5Z23L67B', '2014-01-11 16:18:30', '1'),
('VB00120140111231830733', '001', 'VQR140111231830162', 'XM5Z23L67H', '2014-01-11 16:18:30', '1'),
('VB00120140111231831171', '001', 'VQR140111231831165', '29V2JZDC55E', '2014-01-11 16:18:31', '1'),
('VB00120140111231831545', '001', 'VQR140111231831164', '1S50VEBYK9O', '2014-01-11 16:18:31', '1'),
('VB00120140111231831746', '001', 'VQR140111231831163', '1Z15IYIHUFT', '2014-01-11 16:18:31', '1'),
('VB00120140111231832338', '001', 'VQR140111231832169', '21ZHT20Q3YR', '2014-01-11 16:18:32', '1'),
('VB00120140111231832481', '001', 'VQR140111231832166', 'YLM2F9NXJ3', '2014-01-11 16:18:32', '1'),
('VB00120140111231832563', '001', 'VQR140111231832168', 'CXS0DJZC19', '2014-01-11 16:18:32', '1'),
('VB00120140111231832647', '001', 'VQR140111231832167', '18G302YFH4X', '2014-01-11 16:18:32', '1'),
('VB00120140111231833133', '001', 'VQR140111231833173', 'ZL25SFQOR2', '2014-01-11 16:18:33', '1'),
('VB00120140111231833135', '001', 'VQR140111231833170', '16H6TCM9YWV', '2014-01-11 16:18:33', '1'),
('VB00120140111231833895', '001', 'VQR140111231833172', 'MS8Y18QVP1', '2014-01-11 16:18:33', '1'),
('VB00120140111231833907', '001', 'VQR140111231833171', '1R5KS15VTA8', '2014-01-11 16:18:33', '1'),
('VB00120140111231834358', '001', 'VQR140111231834176', '2MNVRQKBYIE', '2014-01-11 16:18:34', '1'),
('VB00120140111231834405', '001', 'VQR140111231834175', '1BEFA6GNQSB', '2014-01-11 16:18:34', '1'),
('VB00120140111231834427', '001', 'VQR140111231834177', 'KTCRAWLDFE', '2014-01-11 16:18:34', '1'),
('VB00120140111231834834', '001', 'VQR140111231834174', '18G302YFHAD', '2014-01-11 16:18:34', '1'),
('VB00120140111231835155', '001', 'VQR140111231835181', 'QQ1BHX1WHG', '2014-01-11 16:18:35', '1'),
('VB00120140111231835607', '001', 'VQR140111231835180', '2NNBV3QEPP8', '2014-01-11 16:18:35', '1'),
('VB00120140111231835655', '001', 'VQR140111231835179', '2NNBV3QEPQW', '2014-01-11 16:18:35', '1'),
('VB00120140111231835978', '001', 'VQR140111231835178', 'GVKDU8ACVY', '2014-01-11 16:18:35', '1'),
('VB00120140111231836393', '001', 'VQR140111231836182', '1L8W7U5FAK2', '2014-01-11 16:18:36', '1'),
('VB00120140111231836435', '001', 'VQR140111231836184', 'IUGKKKFVA3', '2014-01-11 16:18:36', '1'),
('VB00120140111231836480', '001', 'VQR140111231836185', '2JPJHN23P6M', '2014-01-11 16:18:36', '1'),
('VB00120140111231836760', '001', 'VQR140111231836183', '18G302YFHGT', '2014-01-11 16:18:36', '1'),
('VB00120140111231837343', '001', 'VQR140111231837188', '1HB3UDH49YI', '2014-01-11 16:18:37', '1'),
('VB00120140111231837565', '001', 'VQR140111231837187', '1CDVDJMQI5E', '2014-01-11 16:18:37', '1'),
('VB00120140111231837945', '001', 'VQR140111231837186', 'NRP1EETN6D', '2014-01-11 16:18:37', '1'),
('VB00120140111231838563', '001', 'VQR140111231838191', '12JEFVXYYMR', '2014-01-11 16:18:38', '1'),
('VB00120140111231838573', '001', 'VQR140111231838192', '2BTYQPPHO15', '2014-01-11 16:18:38', '1'),
('VB00120140111231838776', '001', 'VQR140111231838190', '1Q64ONZT2J3', '2014-01-11 16:18:38', '1'),
('VB00120140111231838779', '001', 'VQR140111231838189', '14IAMMA4GXX', '2014-01-11 16:18:38', '1'),
('VB00120140111231839110', '001', 'VQR140111231839196', '1S50VEBYKVH', '2014-01-11 16:18:39', '1'),
('VB00120140111231839642', '001', 'VQR140111231839195', 'FW4AH27M25', '2014-01-11 16:18:39', '1'),
('VB00120140111231839879', '001', 'VQR140111231839194', '2HQNAWPY73K', '2014-01-11 16:18:39', '1'),
('VB00120140111231839936', '001', 'VQR140111231839193', '1S50VEBYKVE', '2014-01-11 16:18:39', '1'),
('VB00120140111231840496', '001', 'VQR140111231840197', '15HQPZG78AB', '2014-01-11 16:18:40', '1'),
('VB00120140111231840641', '001', 'VQR140111231840199', 'RPHEV34O0G', '2014-01-11 16:18:40', '1'),
('VB00120140111231840701', '001', 'VQR140111231840200', '1U3X24O439Y', '2014-01-11 16:18:40', '1'),
('VB00120140111231840940', '001', 'VQR140111231840198', '23YDZSCVMWE', '2014-01-11 16:18:40', '1'),
('VB00120140111231841552', '001', 'VQR140111231842204', '2IQ3E9W0YF2', '2014-01-11 16:18:42', '1'),
('VB00120140111231841646', '001', 'VQR140111231841202', '12JEFVXYYWO', '2014-01-11 16:18:41', '1'),
('VB00120140111231841778', '001', 'VQR140111231841201', '9ZFQA1R37G', '2014-01-11 16:18:41', '1'),
('VB00120140111231841928', '001', 'VQR140111231841203', 'TODLLFA6G9', '2014-01-11 16:18:41', '1'),
('VB00120140111231842412', '001', 'VQR140111231842206', 'XM5Z23L767', '2014-01-11 16:18:42', '1'),
('VB00120140111231842692', '001', 'VQR140111231842207', 'GVKDU8ADGP', '2014-01-11 16:18:42', '1'),
('VB00120140111231842780', '001', 'VQR140111231842205', '27W6D916NOO', '2014-01-11 16:18:42', '1'),
('VB00120140111231843290', '001', 'VQR140111231843211', '1Y1PFLCF469', '2014-01-11 16:18:43', '1'),
('VB00120140111231843481', '001', 'VQR140111231843209', '1R5KS15VU1L', '2014-01-11 16:18:43', '1'),
('VB00120140111231843636', '001', 'VQR140111231843210', '2FRR46DSP2L', '2014-01-11 16:18:43', '1'),
('VB00120140111231843858', '001', 'VQR140111231843208', '12JEFVXYZ1T', '2014-01-11 16:18:43', '1'),
('VB00120140111231844206', '001', 'VQR140111231844214', '1HB3UDH4AIH', '2014-01-11 16:18:44', '1'),
('VB00120140111231844288', '001', 'VQR140111231844212', 'GVKDU8ADL1', '2014-01-11 16:18:44', '1'),
('VB00120140111231844311', '001', 'VQR140111231844213', '1Z15IYIHVFJ', '2014-01-11 16:18:44', '1'),
('VB00120140111231844829', '001', 'VQR140111231844215', '24XU35IYEDS', '2014-01-11 16:18:44', '1'),
('VB00120140111231845242', '001', 'VQR140111231845218', 'CXS0DJZD08', '2014-01-11 16:18:45', '1'),
('VB00120140111231845635', '001', 'VQR140111231845217', '1CDVDJMQISH', '2014-01-11 16:18:45', '1'),
('VB00120140111231845637', '001', 'VQR140111231845216', '9ZFQA1R3IC', '2014-01-11 16:18:45', '1'),
('VB00120140111231846348', '001', 'VQR140111231846221', 'NRP1EETNU0', '2014-01-11 16:18:46', '1'),
('VB00120140111231846645', '001', 'VQR140111231846222', '1Q64ONZT34K', '2014-01-11 16:18:46', '1'),
('VB00120140111231846723', '001', 'VQR140111231846220', '19FJ3G4I9DY', '2014-01-11 16:18:46', '1'),
('VB00120140111231846836', '001', 'VQR140111231846219', '2ESB0T7PY4Z', '2014-01-11 16:18:46', '1'),
('VB00120140111231847175', '001', 'VQR140111231847223', '1K9G4GZCK9R', '2014-01-11 16:18:47', '1'),
('VB00120140111231847365', '001', 'VQR140111231847224', '12JEFVXYZBE', '2014-01-11 16:18:47', '1'),
('VB00120140111231847399', '001', 'VQR140111231847226', '1Q64ONZT37T', '2014-01-11 16:18:47', '1'),
('VB00120140111231847545', '001', 'VQR140111231847225', '2HQNAWPY7PG', '2014-01-11 16:18:47', '1'),
('VB00120140111231848279', '001', 'VQR140111231848227', 'HV0H7ED50Y', '2014-01-11 16:18:48', '1'),
('VB00120140111231848756', '001', 'VQR140111231848230', 'FW4AH27MQF', '2014-01-11 16:18:48', '1'),
('VB00120140111231848850', '001', 'VQR140111231848229', 'VN9SBRFPAO', '2014-01-11 16:18:48', '1'),
('VB00120140111231848957', '001', 'VQR140111231848228', 'XM5Z23L7LS', '2014-01-11 16:18:48', '1'),
('VB00120140111231849179', '001', 'VQR140111231849232', '13IUJ941QN3', '2014-01-11 16:18:49', '1'),
('VB00120140111231849365', '001', 'VQR140111231849233', '1K9G4GZCKD6', '2014-01-11 16:18:49', '1'),
('VB00120140111231849787', '001', 'VQR140111231849231', '1HB3UDH4AW8', '2014-01-11 16:18:49', '1'),
('VB00120140111231849836', '001', 'VQR140111231849234', 'HV0H7ED55W', '2014-01-11 16:18:49', '1'),
('VB00120140111231850383', '001', 'VQR140111231850235', '2KOZL086HF0', '2014-01-11 16:18:50', '1'),
('VB00120140111231850404', '001', 'VQR140111231850238', '1T4GYRI1CW0', '2014-01-11 16:18:50', '1'),
('VB00120140111231850541', '001', 'VQR140111231850237', 'EWO73W4VQV', '2014-01-11 16:18:50', '1'),
('VB00120140111231850726', '001', 'VQR140111231850236', '11JYCIRW8G8', '2014-01-11 16:18:50', '1'),
('VB00120140111231851101', '001', 'VQR140111231851240', 'LSSUO2O5XJ', '2014-01-11 16:18:51', '1'),
('VB00120140111231851615', '001', 'VQR140111231851242', 'LSSUO2O5WB', '2014-01-11 16:18:51', '1'),
('VB00120140111231851783', '001', 'VQR140111231851241', 'TODLLFA772', '2014-01-11 16:18:51', '1'),
('VB00120140111231851862', '001', 'VQR140111231851239', '2PM81U2K9AK', '2014-01-11 16:18:51', '1'),
('VB00120140111231852119', '001', 'VQR140111231852243', '2NNBV3QER1O', '2014-01-11 16:18:52', '1'),
('VB00120140111231852201', '001', 'VQR140111231852245', '2GR77JJVGVY', '2014-01-11 16:18:52', '1'),
('VB00120140111231852752', '001', 'VQR140111231852244', '1P6OLATQCFQ', '2014-01-11 16:18:52', '1'),
('VB00120140111231853314', '001', 'VQR140111231853249', 'VN9SBRFPPM', '2014-01-11 16:18:53', '1'),
('VB00120140111231853473', '001', 'VQR140111231853247', '2PM81U2K9F4', '2014-01-11 16:18:53', '1'),
('VB00120140111231853624', '001', 'VQR140111231853246', 'WMPVOXIGUJ', '2014-01-11 16:18:53', '1'),
('VB00120140111231853895', '001', 'VQR140111231853248', 'JTWNXQINQH', '2014-01-11 16:18:53', '1'),
('VB00120140111231854212', '001', 'VQR140111231854253', '1Y1PFLCF50Y', '2014-01-11 16:18:54', '1'),
('VB00120140111231854818', '001', 'VQR140111231854251', '2BTYQPPHP9M', '2014-01-11 16:18:54', '1'),
('VB00120140111231854827', '001', 'VQR140111231854250', '1AEZ6TAL15R', '2014-01-11 16:18:54', '1'),
('VB00120140111231854994', '001', 'VQR140111231854252', '11JYCIRW8P2', '2014-01-11 16:18:54', '1'),
('VB00120140111231855335', '001', 'VQR140111231855257', '28VMGM79FUP', '2014-01-11 16:18:55', '1'),
('VB00120140111231855508', '001', 'VQR140111231855256', '14IAMMA4IAN', '2014-01-11 16:18:55', '1'),
('VB00120140111231855545', '001', 'VQR140111231855255', 'OR54RKWFPO', '2014-01-11 16:18:55', '1'),
('VB00120140111231855834', '001', 'VQR140111231855254', 'IUGKKKFWRV', '2014-01-11 16:18:55', '1'),
('VB00120140111231856236', '001', 'VQR140111231856258', '2CTEU2VKGK3', '2014-01-11 16:18:56', '1'),
('VB00120140111231856415', '001', 'VQR140111231856260', '1DDBGWSTAT9', '2014-01-11 16:18:56', '1'),
('VB00120140111231856937', '001', 'VQR140111231856259', 'YLM2F9NZDC', '2014-01-11 16:18:56', '1'),
('VB00120140111231857369', '001', 'VQR140111231857262', '2CTEU2VKGN4', '2014-01-11 16:18:57', '1'),
('VB00120140111231857488', '001', 'VQR140111231857263', '2BTYQPPHPGU', '2014-01-11 16:18:57', '1'),
('VB00120140111231857669', '001', 'VQR140111231857261', 'ZL25SFQQN7', '2014-01-11 16:18:57', '1'),
('VB00120140111231857695', '001', 'VQR140111231857264', '17GMWPSCRWQ', '2014-01-11 16:18:57', '1'),
('VB00120140111231858249', '001', 'VQR140111231858267', 'GVKDU8AEOR', '2014-01-11 16:18:58', '1'),
('VB00120140111231858283', '001', 'VQR140111231858268', 'SOXI897GL7', '2014-01-11 16:18:58', '1'),
('VB00120140111231858380', '001', 'VQR140111231858265', '2MNVRQKC0CA', '2014-01-11 16:18:58', '1'),
('VB00120140111231858663', '001', 'VQR140111231858266', '2CTEU2VKGR2', '2014-01-11 16:18:58', '1'),
('VB00120140111231859201', '001', 'VQR140111231859271', '1IAJXQN72TP', '2014-01-11 16:18:59', '1'),
('VB00120140111231859459', '001', 'VQR140111231859269', '2PM81U2K9VK', '2014-01-11 16:18:59', '1'),
('VB00120140111231859792', '001', 'VQR140111231859270', '1M8CB7BI3H7', '2014-01-11 16:18:59', '1'),
('VB00120140111231900296', '001', 'VQR140111231900273', '2ESB0T7Q2BA', '2014-01-11 16:19:00', '1'),
('VB00120140111231900298', '001', 'VQR140111231900274', '1CDVDJMQN15', '2014-01-11 16:19:00', '1'),
('VB00120140111231900397', '001', 'VQR140111231900272', '2NNBV3QEUPO', '2014-01-11 16:19:00', '1'),
('VB00120140111231900568', '001', 'VQR140111231900275', 'HV0H7ED92C', '2014-01-11 16:19:00', '1'),
('VB00120140111231901113', '001', 'VQR140111231901278', 'PQL84QZAEK', '2014-01-11 16:19:01', '1'),
('VB00120140111231901169', '001', 'VQR140111231901276', 'BYBX0DWQ5E', '2014-01-11 16:19:01', '1'),
('VB00120140111231901587', '001', 'VQR140111231901279', '1Z15IYIHZT3', '2014-01-11 16:19:01', '1'),
('VB00120140111231901685', '001', 'VQR140111231901277', '2FRR46DSTJU', '2014-01-11 16:19:01', '1'),
('VB00120140111231902235', '001', 'VQR140111231902282', 'BYBX0DWQ8A', '2014-01-11 16:19:02', '1'),
('VB00120140111231902419', '001', 'VQR140111231902281', 'KTCRAWLIOB', '2014-01-11 16:19:02', '1'),
('VB00120140111231902775', '001', 'VQR140111231902280', '2JPJHN23U8M', '2014-01-11 16:19:02', '1'),
('VB00120140111231903583', '001', 'VQR140111231903286', 'XM5Z23LBU2', '2014-01-11 16:19:03', '1'),
('VB00120140111231903612', '001', 'VQR140111231903283', '1V3D5HU6ZAF', '2014-01-11 16:19:03', '1'),
('VB00120140111231903894', '001', 'VQR140111231903285', 'SOXI897K18', '2014-01-11 16:19:03', '1'),
('VB00120140111231903941', '001', 'VQR140111231903284', '1DDBGWSTEGA', '2014-01-11 16:19:03', '1'),
('VB00120140111231904444', '001', 'VQR140111231904290', 'WMPVOXIKST', '2014-01-11 16:19:04', '1'),
('VB00120140111231904634', '001', 'VQR140111231904287', '28VMGM79JM8', '2014-01-11 16:19:04', '1'),
('VB00120140111231904763', '001', 'VQR140111231904289', '29V2JZDCAUA', '2014-01-11 16:19:04', '1'),
('VB00120140111231904996', '001', 'VQR140111231904288', '13IUJ941UWS', '2014-01-11 16:19:04', '1'),
('VB00120140111231905411', '001', 'VQR140111231905291', 'BYBX0DWQGS', '2014-01-11 16:19:05', '1'),
('VB00120140111231905412', '001', 'VQR140111231905292', '1W2T8V09QLW', '2014-01-11 16:19:05', '1'),
('VB00120140111231905768', '001', 'VQR140111231905293', '19FJ3G4IDX9', '2014-01-11 16:19:05', '1'),
('VB00120140111231905863', '001', 'VQR140111231905294', 'YLM2F9O35D', '2014-01-11 16:19:05', '1'),
('VB00120140111231906136', '001', 'VQR140111231906296', 'GVKDU8AIDA', '2014-01-11 16:19:06', '1'),
('VB00120140111231906181', '001', 'VQR140111231906295', '9ZFQA1R896', '2014-01-11 16:19:06', '1'),
('VB00120140111231906251', '001', 'VQR140111231906297', '23YDZSCVS0T', '2014-01-11 16:19:06', '1'),
('VB00120140111231906352', '001', 'VQR140111231906298', 'KTCRAWLIZB', '2014-01-11 16:19:06', '1'),
('VB00120140111231907113', '001', 'VQR140111231907301', '1FC7NN4YX1L', '2014-01-11 16:19:07', '1'),
('VB00120140111231907278', '001', 'VQR140111231907300', '1AEZ6TAL59B', '2014-01-11 16:19:07', '1'),
('VB00120140111231907682', '001', 'VQR140111231907299', '200LMBOKRFD', '2014-01-11 16:19:07', '1'),
('VB00120140111231907903', '001', 'VQR140111231907302', 'VN9SBRFTVG', '2014-01-11 16:19:07', '1'),
('VB00120140111231908114', '001', 'VQR140111231908303', 'GVKDU8AIJN', '2014-01-11 16:19:08', '1'),
('VB00120140111231908118', '001', 'VQR140111231908305', '24XU35IYJAX', '2014-01-11 16:19:08', '1'),
('VB00120140111231908188', '001', 'VQR140111231908304', '13IUJ941V7Y', '2014-01-11 16:19:08', '1'),
('VB00120140111231908353', '001', 'VQR140111231908306', '1X29C86CI1E', '2014-01-11 16:19:08', '1'),
('VB00120140111231909213', '001', 'VQR140111231909309', '2BTYQPPHTI2', '2014-01-11 16:19:09', '1'),
('VB00120140111231909269', '001', 'VQR140111231909307', '1ECRK9YW62S', '2014-01-11 16:19:09', '1'),
('VB00120140111231909373', '001', 'VQR140111231909310', '1BEFA6GNWKH', '2014-01-11 16:19:09', '1'),
('VB00120140111231909813', '001', 'VQR140111231909308', '28VMGM79K11', '2014-01-11 16:19:09', '1'),
('VB00120140111231910205', '001', 'VQR140111231910311', '24XU35IYJHB', '2014-01-11 16:19:10', '1'),
('VB00120140111231910564', '001', 'VQR140111231910313', 'YLM2F9O3JU', '2014-01-11 16:19:10', '1'),
('VB00120140111231910667', '001', 'VQR140111231910314', '1T4GYRI1HJO', '2014-01-11 16:19:10', '1'),
('VB00120140111231910674', '001', 'VQR140111231910312', '22YXWF6T14B', '2014-01-11 16:19:10', '1'),
('VB00120140111231911378', '001', 'VQR140111231911315', '12JEFVXZ4AW', '2014-01-11 16:19:11', '1'),
('VB00120140111231911540', '001', 'VQR140111231911316', 'FW4AH27RL4', '2014-01-11 16:19:11', '1'),
('VB00120140111231911683', '001', 'VQR140111231911318', '1GBNR0B1OIV', '2014-01-11 16:19:11', '1'),
('VB00120140111231911697', '001', 'VQR140111231911317', '21ZHT20QA1I', '2014-01-11 16:19:11', '1'),
('VB00120140111231912686', '001', 'VQR140111231912319', 'ZL25SFQUVX', '2014-01-11 16:19:12', '1'),
('VB00120140111231912835', '001', 'VQR140111231912320', '2101POUNIYZ', '2014-01-11 16:19:12', '1'),
('VB00120140111231912950', '001', 'VQR140111231912321', '200LMBOKRUH', '2014-01-11 16:19:12', '1'),
('VB00120140111231913281', '001', 'VQR140111231913324', '2FRR46DSUFY', '2014-01-11 16:19:13', '1'),
('VB00120140111231913745', '001', 'VQR140111231913322', '19FJ3G4IEJA', '2014-01-11 16:19:13', '1'),
('VB00120140111231913948', '001', 'VQR140111231913323', '24XU35IYJNY', '2014-01-11 16:19:13', '1'),
('VB00120140111231914299', '001', 'VQR140111231914326', '9ZFQA1R8VF', '2014-01-11 16:19:14', '1'),
('VB00120140111231914560', '001', 'VQR140111231914325', 'MS8Y18R1Z7', '2014-01-11 16:19:14', '1'),
('VB00120140111231914707', '001', 'VQR140111231914329', 'OR54RKWKAH', '2014-01-11 16:19:14', '1'),
('VB00120140111231914752', '001', 'VQR140111231914328', '1V3D5HU706P', '2014-01-11 16:19:14', '1'),
('VB00120140111231914789', '001', 'VQR140111231914327', '1L8W7U5FGKG', '2014-01-11 16:19:14', '1'),
('VB00120140111231915358', '001', 'VQR140111231915331', '1O78HXNNQ5P', '2014-01-11 16:19:15', '1'),
('VB00120140111231915405', '001', 'VQR140111231915330', '1P6OLATQH9N', '2014-01-11 16:19:15', '1'),
('VB00120140111231915599', '001', 'VQR140111231915332', '1X29C86CIJD', '2014-01-11 16:19:15', '1'),
('VB00120140111231916395', '001', 'VQR140111231916333', '2OMRYGWHN4G', '2014-01-11 16:19:16', '1'),
('VB00120140111231916939', '001', 'VQR140111231916334', 'DX83QQ29NN', '2014-01-11 16:19:16', '1'),
('VB00120140111231917413', '001', 'VQR140111231917335', '2101POUNJD7', '2014-01-11 16:19:17', '1'),
('VB00120140111231917808', '001', 'VQR140111231917336', 'OR54RKWKIV', '2014-01-11 16:19:17', '1'),
('VB00120140111231917881', '001', 'VQR140111231917337', 'JTWNXQISO1', '2014-01-11 16:19:17', '1'),
('VB00120140111231918693', '001', 'VQR140111231918340', '1T4GYRI1I5U', '2014-01-11 16:19:18', '1'),
('VB00120140111231918768', '001', 'VQR140111231918339', '21ZHT20QAMT', '2014-01-11 16:19:18', '1'),
('VB00120140111231918798', '001', 'VQR140111231918338', 'SOXI897L8L', '2014-01-11 16:19:18', '1'),
('VB00120140111231919195', '001', 'VQR140111231919343', '1M8CB7BI841', '2014-01-11 16:19:19', '1'),
('VB00120140111231919617', '001', 'VQR140111231919341', '2DSUXG1NCLW', '2014-01-11 16:19:19', '1'),
('VB00120140111231919687', '001', 'VQR140111231919342', '17GMWPSCWOZ', '2014-01-11 16:19:19', '1'),
('VB00120140111231920604', '001', 'VQR140111231920345', '28VMGM79KWH', '2014-01-11 16:19:20', '1'),
('VB00120140111231920870', '001', 'VQR140111231920344', '1BEFA6GNXET', '2014-01-11 16:19:20', '1'),
('VB00120140111231921132', '001', 'VQR140111231921348', '26WQ9VV42M3', '2014-01-11 16:19:21', '1'),
('VB00120140111231921150', '001', 'VQR140111231921347', '2KOZL086MWW', '2014-01-11 16:19:21', '1'),
('VB00120140111231921426', '001', 'VQR140111231921346', '26WQ9VV42MA', '2014-01-11 16:19:21', '1'),
('VB00120140111231922124', '001', 'VQR140111231922352', 'KTCRAWLK97', '2014-01-11 16:19:22', '1'),
('VB00120140111231922278', '001', 'VQR140111231922351', 'CXS0DJZIZ1', '2014-01-11 16:19:22', '1'),
('VB00120140111231922463', '001', 'VQR140111231922350', '1L8W7U5FH7T', '2014-01-11 16:19:22', '1'),
('VB00120140111231922968', '001', 'VQR140111231922349', '1X29C86CJ43', '2014-01-11 16:19:22', '1'),
('VB00120140111231923111', '001', 'VQR140111231923353', '2KOZL086N0S', '2014-01-11 16:19:23', '1'),
('VB00120140111231923169', '001', 'VQR140111231923354', '14IAMMA4NJY', '2014-01-11 16:19:23', '1'),
('VB00120140111231923184', '001', 'VQR140111231923355', 'UNTOYLD3YI', '2014-01-11 16:19:23', '1'),
('VB00120140111231924390', '001', 'VQR140111231924359', 'RPHEV34UK0', '2014-01-11 16:19:24', '1'),
('VB00120140111231924621', '001', 'VQR140111231924357', 'KTCRAWLKEJ', '2014-01-11 16:19:24', '1'),
('VB00120140111231924668', '001', 'VQR140111231924356', 'XM5Z23LDHH', '2014-01-11 16:19:24', '1'),
('VB00120140111231924789', '001', 'VQR140111231924358', '2AUINCJF3JK', '2014-01-11 16:19:24', '1'),
('VB00120140111231925109', '001', 'VQR140111231925362', '2IQ3E9W14W0', '2014-01-11 16:19:25', '1'),
('VB00120140111231925511', '001', 'VQR140111231925360', '2PM81U2KEZS', '2014-01-11 16:19:25', '1'),
('VB00120140111231925697', '001', 'VQR140111231925363', '2FRR46DSVF8', '2014-01-11 16:19:25', '1'),
('VB00120140111231925710', '001', 'VQR140111231925361', '1O78HXNNQWA', '2014-01-11 16:19:25', '1'),
('VB00120140111231926210', '001', 'VQR140111231926365', '1ECRK9YW7CW', '2014-01-11 16:19:26', '1'),
('VB00120140111231926865', '001', 'VQR140111231926364', '10KI95LTN4I', '2014-01-11 16:19:26', '1'),
('VB00120140111231927355', '001', 'VQR140111231927366', '2AUINCJF3RI', '2014-01-11 16:19:27', '1'),
('VB00120140111231927366', '001', 'VQR140111231927368', '2BTYQPPHUW1', '2014-01-11 16:19:27', '1'),
('VB00120140111231927839', '001', 'VQR140111231927369', '2NNBV3QEWUK', '2014-01-11 16:19:27', '1'),
('VB00120140111231927905', '001', 'VQR140111231927367', '2HQNAWPYDW0', '2014-01-11 16:19:27', '1'),
('VB00120140111231928393', '001', 'VQR140111231928371', 'BYBX0DWSA7', '2014-01-11 16:19:28', '1'),
('VB00120140111231928402', '001', 'VQR140111231928373', '1O78HXNNR48', '2014-01-11 16:19:28', '1'),
('VB00120140111231928540', '001', 'VQR140111231928372', '29V2JZDCCN4', '2014-01-11 16:19:28', '1'),
('VB00120140111231928573', '001', 'VQR140111231928370', '27W6D916UB8', '2014-01-11 16:19:28', '1'),
('VB00120140111231929519', '001', 'VQR140111231929376', 'QQ1BHX23Q4', '2014-01-11 16:19:29', '1'),
('VB00120140111231929682', '001', 'VQR140111231929374', '23YDZSCVTSD', '2014-01-11 16:19:29', '1'),
('VB00120140111231929708', '001', 'VQR140111231929377', '1JA013T9ZEY', '2014-01-11 16:19:29', '1'),
('VB00120140111231929910', '001', 'VQR140111231929375', '2BTYQPPHV21', '2014-01-11 16:19:29', '1'),
('VB00120140111231930217', '001', 'VQR140111231930380', '2PM81U2KFF0', '2014-01-11 16:19:30', '1'),
('VB00120140111231930272', '001', 'VQR140111231930378', '1BEFA6GNY6R', '2014-01-11 16:19:30', '1'),
('VB00120140111231930669', '001', 'VQR140111231930381', '17GMWPSCXL2', '2014-01-11 16:19:30', '1'),
('VB00120140111231930742', '001', 'VQR140111231930379', '21ZHT20QBK7', '2014-01-11 16:19:30', '1'),
('VB00120140111231931121', '001', 'VQR140111231931384', '1DDBGWSTGLE', '2014-01-11 16:19:31', '1'),
('VB00120140111231931460', '001', 'VQR140111231931383', 'VN9SBRFVPQ', '2014-01-11 16:19:31', '1'),
('VB00120140111231931489', '001', 'VQR140111231931382', '2HQNAWPYE54', '2014-01-11 16:19:31', '1'),
('VB00120140111231932147', '001', 'VQR140111231932388', '11JYCIRWERM', '2014-01-11 16:19:32', '1'),
('VB00120140111231932459', '001', 'VQR140111231932385', '2PM81U2KFJC', '2014-01-11 16:19:32', '1'),
('VB00120140111231932782', '001', 'VQR140111231932387', '23YDZSCVU0R', '2014-01-11 16:19:32', '1'),
('VB00120140111231932929', '001', 'VQR140111231932386', '1L8W7U5FHXO', '2014-01-11 16:19:32', '1'),
('VB00120140111231933244', '001', 'VQR140111231933389', 'VN9SBRFVUY', '2014-01-11 16:19:33', '1'),
('VB00120140111231933691', '001', 'VQR140111231933390', '200LMBOKTGK', '2014-01-11 16:19:33', '1'),
('VB00120140111231933737', '001', 'VQR140111231933391', 'RPHEV34V8L', '2014-01-11 16:19:33', '1'),
('VB00120140111231934343', '001', 'VQR140111231934392', '2IQ3E9W15JS', '2014-01-11 16:19:34', '1'),
('VB00120140111231934497', '001', 'VQR140111231934393', '18G302YFP01', '2014-01-11 16:19:34', '1'),
('VB00120140111231934673', '001', 'VQR140111231934394', '2PM81U2KFPO', '2014-01-11 16:19:34', '1'),
('VB00120140111231934773', '001', 'VQR140111231934395', 'TODLLFADN5', '2014-01-11 16:19:34', '1'),
('VB00120140111231935381', '001', 'VQR140111231935397', '10KI95LTNSY', '2014-01-11 16:19:35', '1'),
('VB00120140111231935801', '001', 'VQR140111231935396', '1GBNR0B1QDK', '2014-01-11 16:19:35', '1'),
('VB00120140111231935821', '001', 'VQR140111231935399', '1W2T8V09SYO', '2014-01-11 16:19:35', '1'),
('VB00120140111231935900', '001', 'VQR140111231935398', '2NNBV3QEXF8', '2014-01-11 16:19:35', '1'),
('VB00120140111231936701', '001', 'VQR140111231936400', 'XM5Z23LEDR', '2014-01-11 16:19:36', '1');

-- --------------------------------------------------------

--
-- Table structure for table `bag_content`
--

CREATE TABLE IF NOT EXISTS `bag_content` (
  `bag_content_id` tinyint(3) unsigned NOT NULL AUTO_INCREMENT,
  `bag_type_id` char(3) NOT NULL,
  `title` varchar(20) NOT NULL,
  `content` text NOT NULL,
  `fl_display` enum('0','1') NOT NULL DEFAULT '1',
  PRIMARY KEY (`bag_content_id`),
  KEY `bag_type_id` (`bag_type_id`)
) ENGINE=InnoDB  DEFAULT CHARSET=latin1 AUTO_INCREMENT=5 ;

--
-- Dumping data for table `bag_content`
--

INSERT INTO `bag_content` (`bag_content_id`, `bag_type_id`, `title`, `content`, `fl_display`) VALUES
(1, '002', 'Description', 'You don''t have to hassle and worrdy about being caught by shadows in the night, because this bag will prevent you of being run by a car in the milkt misty in the breezing city', '1'),
(2, '002', 'Features', 'Integrated QR Code\r\nWaterproof\r\nEasy to carry', '1'),
(3, '002', 'Specification', '100% polyester fabric\r\n\r\nIt measures 33 cm wide / 44 cm high / and 13 cm deep, when unfold\r\n\r\n11 cm wide / 15 cm high / 5 cm deep, handy in your hand when it folded\r\n\r\nMaximum capacity is 15 kilos, Machine washable\r\n\r\nAvailable colours: Red, Navy Blue, Light Green, Turqoise\r\n', '1'),
(4, '002', 'Pre Order', 'bla.. bla.. bla..', '1');

-- --------------------------------------------------------

--
-- Table structure for table `bag_photo`
--

CREATE TABLE IF NOT EXISTS `bag_photo` (
  `photo_id` int(10) unsigned NOT NULL AUTO_INCREMENT,
  `bag_type_id` char(3) NOT NULL,
  `photo` varchar(50) NOT NULL,
  `time` timestamp NOT NULL DEFAULT CURRENT_TIMESTAMP,
  PRIMARY KEY (`photo_id`),
  KEY `bag_type_id` (`bag_type_id`)
) ENGINE=InnoDB DEFAULT CHARSET=latin1 AUTO_INCREMENT=1 ;

-- --------------------------------------------------------

--
-- Table structure for table `bag_type`
--

CREATE TABLE IF NOT EXISTS `bag_type` (
  `bag_type_id` char(3) NOT NULL,
  `gender` enum('M','F') NOT NULL COMMENT 'M = male, F = female',
  `type` enum('F','L','H') NOT NULL COMMENT 'F = fashion, L = lipat, H = heavy duty',
  `name` varchar(30) NOT NULL,
  `photo` varchar(50) NOT NULL,
  `short_desc` varchar(100) DEFAULT NULL,
  `price` bigint(20) NOT NULL,
  PRIMARY KEY (`bag_type_id`),
  UNIQUE KEY `gender` (`gender`,`type`)
) ENGINE=InnoDB DEFAULT CHARSET=latin1;

--
-- Dumping data for table `bag_type`
--

INSERT INTO `bag_type` (`bag_type_id`, `gender`, `type`, `name`, `photo`, `short_desc`, `price`) VALUES
('001', 'F', 'F', 'Brown Sugar', '', 'Fabric Bags', 145000),
('002', 'F', 'H', 'Neon Lime', '', 'Sporty Edition Limited', 250000);

-- --------------------------------------------------------

--
-- Table structure for table `contact_us`
--

CREATE TABLE IF NOT EXISTS `contact_us` (
  `time` timestamp NOT NULL DEFAULT CURRENT_TIMESTAMP,
  `name` varchar(50) NOT NULL,
  `email` varchar(70) NOT NULL,
  `message` tinytext CHARACTER SET utf8 COLLATE utf8_unicode_ci NOT NULL,
  PRIMARY KEY (`time`)
) ENGINE=InnoDB DEFAULT CHARSET=latin1;

-- --------------------------------------------------------

--
-- Table structure for table `egg_package`
--

CREATE TABLE IF NOT EXISTS `egg_package` (
  `egg_package_id` tinyint(3) unsigned NOT NULL AUTO_INCREMENT,
  `name` varchar(60) NOT NULL,
  `eggs` int(10) unsigned NOT NULL,
  `price` bigint(20) unsigned NOT NULL,
  PRIMARY KEY (`egg_package_id`)
) ENGINE=InnoDB  DEFAULT CHARSET=latin1 AUTO_INCREMENT=4 ;

--
-- Dumping data for table `egg_package`
--

INSERT INTO `egg_package` (`egg_package_id`, `name`, `eggs`, `price`) VALUES
(1, 'Gold', 500, 10000),
(2, 'Silver', 300, 7000),
(3, 'Bronze', 100, 5000);

-- --------------------------------------------------------

--
-- Table structure for table `egg_transaction`
--

CREATE TABLE IF NOT EXISTS `egg_transaction` (
  `egg_trans_id` bigint(20) unsigned NOT NULL AUTO_INCREMENT,
  `store_id` char(20) NOT NULL,
  `egg_package_id` tinyint(3) unsigned NOT NULL,
  `time` timestamp NOT NULL DEFAULT CURRENT_TIMESTAMP,
  PRIMARY KEY (`egg_trans_id`),
  KEY `store_id` (`store_id`),
  KEY `egg_package_id` (`egg_package_id`)
) ENGINE=InnoDB DEFAULT CHARSET=latin1 AUTO_INCREMENT=1 ;

-- --------------------------------------------------------

--
-- Table structure for table `friends`
--

CREATE TABLE IF NOT EXISTS `friends` (
  `member_id` char(30) NOT NULL,
  `friend_id` char(30) NOT NULL,
  UNIQUE KEY `member_id` (`member_id`,`friend_id`),
  KEY `friend_id` (`friend_id`)
) ENGINE=InnoDB DEFAULT CHARSET=latin1;

-- --------------------------------------------------------

--
-- Table structure for table `kabkota`
--

CREATE TABLE IF NOT EXISTS `kabkota` (
  `id_kabkota` smallint(5) unsigned NOT NULL DEFAULT '0',
  `id_provinsi` tinyint(3) unsigned NOT NULL,
  `nama` varchar(50) NOT NULL,
  `tipe` varchar(22) DEFAULT NULL,
  PRIMARY KEY (`id_kabkota`),
  KEY `id_provinsi` (`id_provinsi`)
) ENGINE=InnoDB DEFAULT CHARSET=latin1;

--
-- Dumping data for table `kabkota`
--

INSERT INTO `kabkota` (`id_kabkota`, `id_provinsi`, `nama`, `tipe`) VALUES
(1, 1, 'Aceh Barat', 'Kabupaten'),
(2, 1, 'Aceh Barat Daya', 'Kabupaten'),
(3, 1, 'Aceh Besar', 'Kabupaten'),
(4, 1, 'Aceh Jaya', 'Kabupaten'),
(5, 1, 'Aceh Selatan', 'Kabupaten'),
(6, 1, 'Aceh Singkil', 'Kabupaten'),
(7, 1, 'Aceh Tamiang', 'Kabupaten'),
(8, 1, 'Aceh Tengah', 'Kabupaten'),
(9, 1, 'Aceh Tenggara', 'Kabupaten'),
(10, 1, 'Aceh Timur', 'Kabupaten'),
(11, 1, 'Aceh Utara', 'Kabupaten'),
(12, 1, 'Bener Meriah', 'Kabupaten'),
(13, 1, 'Bireuen', 'Kabupaten'),
(14, 1, 'Gayo Lues', 'Kabupaten'),
(15, 1, 'Nagan Raya', 'Kabupaten'),
(16, 1, 'Pidie', 'Kabupaten'),
(17, 1, 'Pidie Jaya', 'Kabupaten'),
(18, 1, 'Simeulue', 'Kabupaten'),
(19, 1, 'Banda Aceh', 'Kota'),
(20, 1, 'Langsa', 'Kota'),
(21, 1, 'Lhokseumawe', 'Kota'),
(22, 1, 'Sabang', 'Kota'),
(23, 1, 'Subulussalam', 'Kota'),
(24, 2, 'Asahan', 'Kabupaten'),
(25, 2, 'Batubara', 'Kabupaten'),
(26, 2, 'Dairi', 'Kabupaten'),
(27, 2, 'Deli Serdang', 'Kabupaten'),
(28, 2, 'Humbang Hasundutan', 'Kabupaten'),
(29, 2, 'Karo', 'Kabupaten'),
(30, 2, 'Labuhanbatu', 'Kabupaten'),
(31, 2, 'Labuhanbatu Selatan', 'Kabupaten'),
(32, 2, 'Labuhanbatu Utara', 'Kabupaten'),
(33, 2, 'Langkat', 'Kabupaten'),
(34, 2, 'Mandailing Natal', 'Kabupaten'),
(35, 2, 'Nias', 'Kabupaten'),
(36, 2, 'Nias Barat', 'Kabupaten'),
(37, 2, 'Nias Selatan', 'Kabupaten'),
(38, 2, 'Nias Utara', 'Kabupaten'),
(39, 2, 'Padang Lawas', 'Kabupaten'),
(40, 2, 'Padang Lawas Utara', 'Kabupaten'),
(41, 2, 'Pakpak Bharat', 'Kabupaten'),
(42, 2, 'Samosir', 'Kabupaten'),
(43, 2, 'Serdang Bedagai', 'Kabupaten'),
(44, 2, 'Simalungun', 'Kabupaten'),
(45, 2, 'Tapanuli Selatan', 'Kabupaten'),
(46, 2, 'Tapanuli Tengah', 'Kabupaten'),
(47, 2, 'Tapanuli Utara', 'Kabupaten'),
(48, 2, 'Toba Samosir', 'Kabupaten'),
(49, 2, 'Binjai', 'Kota'),
(50, 2, 'Gunungsitoli', 'Kota'),
(51, 2, 'Medan', 'Kota'),
(52, 2, 'Padang Sidempuan', 'Kota'),
(53, 2, 'Pematangsiantar', 'Kota'),
(54, 2, 'Sibolga', 'Kota'),
(55, 2, 'Tanjungbalai', 'Kota'),
(56, 2, 'Tebing Tinggi', 'Kota'),
(57, 3, 'Agam', 'Kabupaten'),
(58, 3, 'Dharmasraya', 'Kabupaten'),
(59, 3, 'Kepulauan Mentawai', 'Kabupaten'),
(60, 3, 'Lima Puluh Kota', 'Kabupaten'),
(61, 3, 'Padang Pariaman', 'Kabupaten'),
(62, 3, 'Pasaman', 'Kabupaten'),
(63, 3, 'Pasaman Barat', 'Kabupaten'),
(64, 3, 'Pesisir Selatan', 'Kabupaten'),
(65, 3, 'Sijunjung', 'Kabupaten'),
(66, 3, 'Solok', 'Kabupaten'),
(67, 3, 'Solok Selatan', 'Kabupaten'),
(68, 3, 'Tanah Datar', 'Kabupaten'),
(69, 3, 'Bukittinggi', 'Kota'),
(70, 3, 'Padang', 'Kota'),
(71, 3, 'Padang Panjang', 'Kota'),
(72, 3, 'Pariaman', 'Kota'),
(73, 3, 'Payakumbuh', 'Kota'),
(74, 3, 'Sawahlunto', 'Kota'),
(75, 3, 'Solok', 'Kota'),
(76, 4, 'Bengkalis', 'Kabupaten'),
(77, 4, 'Indragiri Hilir', 'Kabupaten'),
(78, 4, 'Indragiri Hulu', 'Kabupaten'),
(79, 4, 'Kampar', 'Kabupaten'),
(80, 4, 'Kuantan Singingi', 'Kabupaten'),
(81, 4, 'Pelalawan', 'Kabupaten'),
(82, 4, 'Rokan Hilir', 'Kabupaten'),
(83, 4, 'Rokan Hulu', 'Kabupaten'),
(84, 4, 'Siak', 'Kabupaten'),
(85, 4, 'Kepulauan Meranti', 'Kabupaten'),
(86, 4, 'Dumai', 'Kota'),
(87, 4, 'Pekanbaru', 'Kota'),
(88, 5, 'Bintan', 'Kabupaten'),
(89, 5, 'Karimun', 'Kabupaten'),
(90, 5, 'Kepulauan Anambas', 'Kabupaten'),
(91, 5, 'Lingga', 'Kabupaten'),
(92, 5, 'Natuna', 'Kabupaten'),
(93, 5, 'Batam', 'Kota'),
(94, 5, 'Tanjung Pinang', 'Kota'),
(95, 6, 'Batanghari', 'Kabupaten'),
(96, 6, 'Bungo', 'Kabupaten'),
(97, 6, 'Kerinci', 'Kabupaten'),
(98, 6, 'Merangin', 'Kabupaten'),
(99, 6, 'Muaro Jambi', 'Kabupaten'),
(100, 6, 'Sarolangun', 'Kabupaten'),
(101, 6, 'Tanjung Jabung Barat', 'Kabupaten'),
(102, 6, 'Tanjung Jabung Timur', 'Kabupaten'),
(103, 6, 'Tebo', 'Kabupaten'),
(104, 6, 'Jambi', 'Kota'),
(105, 6, 'Sungai Penuh', 'Kota'),
(106, 7, 'Bengkulu Selatan', 'Kabupaten'),
(107, 7, 'Bengkulu Tengah', 'Kabupaten'),
(108, 7, 'Bengkulu Utara', 'Kabupaten'),
(109, 7, 'Kaur', 'Kabupaten'),
(110, 7, 'Kepahiang', 'Kabupaten'),
(111, 7, 'Lebong', 'Kabupaten'),
(112, 7, 'Mukomuko', 'Kabupaten'),
(113, 7, 'Rejang Lebong', 'Kabupaten'),
(114, 7, 'Seluma', 'Kabupaten'),
(115, 7, 'Bengkulu', 'Kota'),
(116, 8, 'Banyuasin', 'Kabupaten'),
(117, 8, 'Empat Lawang', 'Kabupaten'),
(118, 8, 'Lahat', 'Kabupaten'),
(119, 8, 'Muara Enim', 'Kabupaten'),
(120, 8, 'Musi Banyuasin', 'Kabupaten'),
(121, 8, 'Musi Rawas', 'Kabupaten'),
(122, 8, 'Ogan Ilir', 'Kabupaten'),
(123, 8, 'Ogan Komering Ilir', 'Kabupaten'),
(124, 8, 'Ogan Komering Ulu', 'Kabupaten'),
(125, 8, 'Ogan Komering Ulu Selatan', 'Kabupaten'),
(126, 8, 'Ogan Komering Ulu Timur', 'Kabupaten'),
(127, 8, 'Lubuklinggau', 'Kota'),
(128, 8, 'Pagar Alam', 'Kota'),
(129, 8, 'Palembang', 'Kota'),
(130, 8, 'Prabumulih', 'Kota'),
(131, 8, 'Penukal Abab Lematang Ilir', 'Kabupaten'),
(132, 9, 'Bangka', 'Kabupaten'),
(133, 9, 'Bangka Barat', 'Kabupaten'),
(134, 9, 'Bangka Selatan', 'Kabupaten'),
(135, 9, 'Bangka Tengah', 'Kabupaten'),
(136, 9, 'Belitung', 'Kabupaten'),
(137, 9, 'Belitung Timur', 'Kabupaten'),
(138, 9, 'Pangkal Pinang', 'Kota'),
(139, 10, 'Lampung Tengah', 'Kabupaten'),
(140, 10, 'Lampung Utara', 'Kabupaten'),
(141, 10, 'Lampung Selatan', 'Kabupaten'),
(142, 10, 'Lampung Barat', 'Kabupaten'),
(143, 10, 'Tulang Bawang', 'Kabupaten'),
(144, 10, 'Tanggamus', 'Kabupaten'),
(145, 10, 'Way Kanan', 'Kabupaten'),
(146, 10, 'Lampung Timur', 'Kabupaten'),
(147, 10, 'Pesawaran', 'Kabupaten'),
(148, 10, 'Pringsewu', 'Kabupaten'),
(149, 10, 'Mesuji', 'Kabupaten'),
(150, 10, 'Tulang Bawang Barat', 'Kabupaten'),
(151, 10, 'Pesisir Barat', 'Kabupaten'),
(152, 10, 'Bandar Lampung', 'Kota'),
(153, 10, 'Metro', 'Kota'),
(154, 11, 'Tangerang', 'Kabupaten'),
(155, 11, 'Serang', 'Kabupaten'),
(156, 11, 'Lebak', 'Kabupaten'),
(157, 11, 'Pandeglang', 'Kabupaten'),
(158, 11, 'Tangerang', 'Kota'),
(159, 11, 'Serang', 'Kota'),
(160, 11, 'Cilegon', 'Kota'),
(161, 11, 'Tangerang Selatan', 'Kota'),
(162, 12, 'Bandung', 'Kabupaten'),
(163, 12, 'Bandung Barat', 'Kabupaten'),
(164, 12, 'Bekasi', 'Kabupaten'),
(165, 12, 'Bogor', 'Kabupaten'),
(166, 12, 'Ciamis', 'Kabupaten'),
(167, 12, 'Cianjur', 'Kabupaten'),
(168, 12, 'Cirebon', 'Kabupaten'),
(169, 12, 'Garut', 'Kabupaten'),
(170, 12, 'Indramayu', 'Kabupaten'),
(171, 12, 'Karawang', 'Kabupaten'),
(172, 12, 'Kuningan', 'Kabupaten'),
(173, 12, 'Majalengka', 'Kabupaten'),
(174, 12, 'Pangandaran', 'Kabupaten'),
(175, 12, 'Purwakarta', 'Kabupaten'),
(176, 12, 'Subang', 'Kabupaten'),
(177, 12, 'Sukabumi', 'Kabupaten'),
(178, 12, 'Sumedang', 'Kabupaten'),
(179, 12, 'Tasikmalaya', 'Kabupaten'),
(180, 12, 'Bandung', 'Kota'),
(181, 12, 'Banjar', 'Kota'),
(182, 12, 'Bekasi', 'Kota'),
(183, 12, 'Bogor', 'Kota'),
(184, 12, 'Cimahi', 'Kota'),
(185, 12, 'Cirebon', 'Kota'),
(186, 12, 'Depok', 'Kota'),
(187, 12, 'Sukabumi', 'Kota'),
(188, 12, 'Tasikmalaya', 'Kota'),
(189, 13, 'Kepulauan Seribu', 'Kabupaten Administrasi'),
(190, 13, 'Jakarta Barat', 'Kota Administrasi'),
(191, 13, 'Jakarta Pusat', 'Kota Administrasi'),
(192, 13, 'Jakarta Selatan', 'Kota Administrasi'),
(193, 13, 'Jakarta Timur', 'Kota Administrasi'),
(194, 13, 'Jakarta Utara', 'Kota Administrasi'),
(195, 14, 'Banjarnegara', 'Kabupaten'),
(196, 14, 'Banyumas', 'Kabupaten'),
(197, 14, 'Batang', 'Kabupaten'),
(198, 14, 'Blora', 'Kabupaten'),
(199, 14, 'Boyolali', 'Kabupaten'),
(200, 14, 'Brebes', 'Kabupaten'),
(201, 14, 'Cilacap', 'Kabupaten'),
(202, 14, 'Demak', 'Kabupaten'),
(203, 14, 'Grobogan', 'Kabupaten'),
(204, 14, 'Jepara', 'Kota'),
(205, 14, 'Karanganyar', 'Kabupaten'),
(206, 14, 'Kebumen', 'Kabupaten'),
(207, 14, 'Kendal', 'Kabupaten'),
(208, 14, 'Klaten', 'Kabupaten'),
(209, 14, 'Kudus', 'Kabupaten'),
(210, 14, 'Magelang', 'Kabupaten'),
(211, 14, 'Pati', 'Kabupaten'),
(212, 14, 'Pekalongan', 'Kabupaten'),
(213, 14, 'Pemalang', 'Kabupaten'),
(214, 14, 'Purbalingga', 'Kabupaten'),
(215, 14, 'Purworejo', 'Kabupaten'),
(216, 14, 'Rembang', 'Kabupaten'),
(217, 14, 'Semarang', 'Kabupaten'),
(218, 14, 'Sragen', 'Kabupaten'),
(219, 14, 'Sukoharjo', 'Kabupaten'),
(220, 14, 'Tegal', 'Kabupaten'),
(221, 14, 'Temanggung', 'Kabupaten'),
(222, 14, 'Wonogiri', 'Kabupaten'),
(223, 14, 'Wonosobo', 'Kabupaten'),
(224, 14, 'Magelang', 'Kota'),
(225, 14, 'Pekalongan', 'Kota'),
(226, 14, 'Salatiga', 'Kota'),
(227, 14, 'Semarang', 'Kota'),
(228, 14, 'Surakarta', 'Kota'),
(229, 14, 'Tegal', 'Kota'),
(230, 15, 'Bangkalan', 'Kabupaten'),
(231, 15, 'Banyuwangi', 'Kabupaten'),
(232, 15, 'Blitar', 'Kabupaten'),
(233, 15, 'Bojonegoro', 'Kabupaten'),
(234, 15, 'Bondowoso', 'Kabupaten'),
(235, 15, 'Gresik', 'Kabupaten'),
(236, 15, 'Jember', 'Kabupaten'),
(237, 15, 'Jombang', 'Kabupaten'),
(238, 15, 'Kediri', 'Kabupaten'),
(239, 15, 'Lamongan', 'Kabupaten'),
(240, 15, 'Lumajang', 'Kabupaten'),
(241, 15, 'Madiun', 'Kabupaten'),
(242, 15, 'Magetan', 'Kabupaten'),
(243, 15, 'Malang', 'Kabupaten'),
(244, 15, 'Mojokerto', 'Kabupaten'),
(245, 15, 'Nganjuk', 'Kabupaten'),
(246, 15, 'Ngawi', 'Kabupaten'),
(247, 15, 'Pacitan', 'Kabupaten'),
(248, 15, 'Pamekasan', 'Kabupaten'),
(249, 15, 'Pasuruan', 'Kabupaten'),
(250, 15, 'Ponorogo', 'Kabupaten'),
(251, 15, 'Probolinggo', 'Kabupaten'),
(252, 15, 'Sampang', 'Kabupaten'),
(253, 15, 'Sidoarjo', 'Kabupaten'),
(254, 15, 'Situbondo', 'Kabupaten'),
(255, 15, 'Sumenep', 'Kabupaten'),
(256, 15, 'Trenggalek', 'Kabupaten'),
(257, 15, 'Tuban', 'Kabupaten'),
(258, 15, 'Tulungagung', 'Kabupaten'),
(259, 15, 'Batu', 'Kota'),
(260, 15, 'Blitar', 'Kota'),
(261, 15, 'Kediri', 'Kota'),
(262, 15, 'Madiun', 'Kota'),
(263, 15, 'Malang', 'Kota'),
(264, 15, 'Mojokerto', 'Kota'),
(265, 15, 'Pasuruan', 'Kota'),
(266, 15, 'Probolinggo', 'Kota'),
(267, 15, 'Surabaya', 'Kota'),
(268, 16, 'Bantul', 'Kabupaten'),
(269, 16, 'Gunung Kidul', 'Kabupaten'),
(270, 16, 'Kulon Progo', 'Kabupaten'),
(271, 16, 'Sleman', 'Kabupaten'),
(272, 16, 'Yogyakarta', 'Kota'),
(273, 17, 'Badung', 'Kabupaten'),
(274, 17, 'Bangli', 'Kabupaten'),
(275, 17, 'Buleleng', 'Kabupaten'),
(276, 17, 'Gianyar', 'Kabupaten'),
(277, 17, 'Jembrana', 'Kabupaten'),
(278, 17, 'Karangasem', 'Kabupaten'),
(279, 17, 'Klungkung', 'Kabupaten'),
(280, 17, 'Tabanan', 'Kabupaten'),
(281, 17, 'Denpasar', 'Kota'),
(282, 18, 'Bima', 'Kabupaten'),
(283, 18, 'Dompu', 'Kabupaten'),
(284, 18, 'Lombok Barat', 'Kabupaten'),
(285, 18, 'Lombok Tengah', 'Kabupaten'),
(286, 18, 'Lombok Timur', 'Kabupaten'),
(287, 18, 'Lombok Utara', 'Kabupaten'),
(288, 18, 'Sumbawa', 'Kabupaten'),
(289, 18, 'Sumbawa Barat', 'Kabupaten'),
(290, 18, 'Bima', 'Kota'),
(291, 18, 'Mataram', 'Kota'),
(292, 19, 'Alor', 'Kabupaten'),
(293, 19, 'Belu', 'Kabupaten'),
(294, 19, 'Ende', 'Kabupaten'),
(295, 19, 'Flores Timur', 'Kabupaten'),
(296, 19, 'Kupang', 'Kabupaten'),
(297, 19, 'Lembata', 'Kabupaten'),
(298, 19, 'Manggarai', 'Kabupaten'),
(299, 19, 'Manggarai Barat', 'Kabupaten'),
(300, 19, 'Manggarai Timur', 'Kabupaten'),
(301, 19, 'Ngada', 'Kabupaten'),
(302, 19, 'Nagekeo', 'Kabupaten'),
(303, 19, 'Rote Ndao', 'Kabupaten'),
(304, 19, 'Sabu Raijua', 'Kabupaten'),
(305, 19, 'Sikka', 'Kabupaten'),
(306, 19, 'Sumba Barat', 'Kabupaten'),
(307, 19, 'Sumba Barat Daya', 'Kabupaten'),
(308, 19, 'Sumba Tengah', 'Kabupaten'),
(309, 19, 'Sumba Timur', 'Kabupaten'),
(310, 19, 'Timor Tengah Selatan', 'Kabupaten'),
(311, 19, 'Timor Tengah Utara', 'Kabupaten'),
(312, 19, 'Kupang', 'Kota'),
(313, 19, 'Malaka', 'Kabupaten'),
(314, 20, 'Bengkayang', 'Kabupaten'),
(315, 20, 'Kapuas Hulu', 'Kabupaten'),
(316, 20, 'Kayong Utara', 'Kabupaten'),
(317, 20, 'Ketapang', 'Kabupaten'),
(318, 20, 'Kubu Raya', 'Kabupaten'),
(319, 20, 'Landak', 'Kabupaten'),
(320, 20, 'Melawi', 'Kabupaten'),
(321, 20, 'Pontianak', 'Kabupaten'),
(322, 20, 'Sambas', 'Kabupaten'),
(323, 20, 'Sanggau', 'Kabupaten'),
(324, 20, 'Sekadau', 'Kabupaten'),
(325, 20, 'Sintang', 'Kabupaten'),
(326, 20, 'Pontianak', 'Kota'),
(327, 20, 'Singkawang', 'Kota'),
(328, 21, 'Balangan', 'Kabupaten'),
(329, 21, 'Banjar', 'Kabupaten'),
(330, 21, 'Barito Kuala', 'Kabupaten'),
(331, 21, 'Hulu Sungai Selatan', 'Kabupaten'),
(332, 21, 'Hulu Sungai Tengah', 'Kabupaten'),
(333, 21, 'Hulu Sungai Utara', 'Kabupaten'),
(334, 21, 'Kotabaru', 'Kabupaten'),
(335, 21, 'Tabalong', 'Kabupaten'),
(336, 21, 'Tanah Bumbu', 'Kabupaten'),
(337, 21, 'Tanah Laut', 'Kabupaten'),
(338, 21, 'Tapin', 'Kabupaten'),
(339, 21, 'Banjarbaru', 'Kota'),
(340, 21, 'Banjarmasin', 'Kota'),
(341, 22, 'Barito Selatan', 'Kabupaten'),
(342, 22, 'Barito Timur', 'Kabupaten'),
(343, 22, 'Barito Utara', 'Kabupaten'),
(344, 22, 'Gunung Mas', 'Kabupaten'),
(345, 22, 'Kapuas', 'Kabupaten'),
(346, 22, 'Katingan', 'Kabupaten'),
(347, 22, 'Kotawaringin Barat', 'Kabupaten'),
(348, 22, 'Kotawaringin Timur', 'Kabupaten'),
(349, 22, 'Lamandau', 'Kabupaten'),
(350, 22, 'Murung Raya', 'Kabupaten'),
(351, 22, 'Pulang Pisau', 'Kabupaten'),
(352, 22, 'Sukamara', 'Kabupaten'),
(353, 22, 'Seruyan', 'Kabupaten'),
(354, 22, 'Palangka Raya', 'Kota'),
(355, 23, 'Berau', 'Kabupaten'),
(356, 23, 'Kutai Barat', 'Kabupaten'),
(357, 23, 'Kutai Kartanegara', 'Kabupaten'),
(358, 23, 'Kutai Timur', 'Kabupaten'),
(359, 23, 'Paser', 'Kabupaten'),
(360, 23, 'Penajam Paser Utara', 'Kabupaten'),
(361, 23, 'Balikpapan', 'Kota'),
(362, 23, 'Bontang', 'Kota'),
(363, 23, 'Samarinda', 'Kota'),
(364, 23, 'Mahakam Ulu', 'Kabupaten'),
(365, 24, 'Bulungan', 'Kabupaten'),
(366, 24, 'Malinau', 'Kabupaten'),
(367, 24, 'Nunukan', 'Kabupaten'),
(368, 24, 'Tana Tidung', 'Kabupaten'),
(369, 24, 'Tarakan', 'Kota'),
(370, 25, 'Boalemo', 'Kabupaten'),
(371, 25, 'Bone Bolango', 'Kabupaten'),
(372, 25, 'Gorontalo', 'Kabupaten'),
(373, 25, 'Gorontalo Utara', 'Kabupaten'),
(374, 25, 'Pohuwato', 'Kabupaten'),
(375, 25, 'Gorontalo', 'Kota'),
(376, 26, 'Bantaeng', 'Kabupaten'),
(377, 26, 'Barru', 'Kabupaten'),
(378, 26, 'Bone', 'Kabupaten'),
(379, 26, 'Bulukumba', 'Kabupaten'),
(380, 26, 'Enrekang', 'Kabupaten'),
(381, 26, 'Gowa', 'Kabupaten'),
(382, 26, 'Jeneponto', 'Kabupaten'),
(383, 26, 'Kepulauan Selayar', 'Kabupaten'),
(384, 26, 'Luwu', 'Kabupaten'),
(385, 26, 'Luwu Timur', 'Kabupaten'),
(386, 26, 'Luwu Utara', 'Kabupaten'),
(387, 26, 'Maros', 'Kabupaten'),
(388, 26, 'Pangkajene Dan Kepulauan', 'Kabupaten'),
(389, 26, 'Pinrang', 'Kabupaten'),
(390, 26, 'Sidenreng Rappang', 'Kabupaten'),
(391, 26, 'Sinjai', 'Kabupaten'),
(392, 26, 'Soppeng', 'Kabupaten'),
(393, 26, 'Takalar', 'Kabupaten'),
(394, 26, 'Tana Toraja', 'Kabupaten'),
(395, 26, 'Toraja Utara', 'Kabupaten'),
(396, 26, 'Wajo', 'Kabupaten'),
(397, 26, 'Makassar', 'Kota'),
(398, 26, 'Palopo', 'Kota'),
(399, 26, 'Parepare', 'Kota'),
(400, 27, 'Bombana', 'Kabupaten'),
(401, 27, 'Buton', 'Kabupaten'),
(402, 27, 'Buton Utara', 'Kabupaten'),
(403, 27, 'Kolaka', 'Kabupaten'),
(404, 27, 'Kolaka Utara', 'Kabupaten'),
(405, 27, 'Konawe', 'Kabupaten'),
(406, 27, 'Konawe Selatan', 'Kabupaten'),
(407, 27, 'Konawe Utara', 'Kabupaten'),
(408, 27, 'Muna', 'Kabupaten'),
(409, 27, 'Wakatobi', 'Kabupaten'),
(410, 27, 'Bau-Bau', 'Kota'),
(411, 27, 'Kendari', 'Kota'),
(412, 27, 'Kolaka Timur', 'Kabupaten'),
(413, 28, 'Banggai', 'Kabupaten'),
(414, 28, 'Banggai Kepulauan', 'Kabupaten'),
(415, 28, 'Buol', 'Kabupaten'),
(416, 28, 'Donggala', 'Kabupaten'),
(417, 28, 'Morowali', 'Kabupaten'),
(418, 28, 'Parigi Moutong', 'Kabupaten'),
(419, 28, 'Poso', 'Kabupaten'),
(420, 28, 'Tojo Una-Una', 'Kabupaten'),
(421, 28, 'Toli-Toli', 'Kabupaten'),
(422, 28, 'Sigi', 'Kabupaten'),
(423, 28, 'Palu', 'Kota'),
(424, 28, 'Banggai Laut', 'Kabupaten'),
(425, 29, 'Bolaang Mongondow', 'Kabupaten'),
(426, 29, 'Bolaang Mongondow Selatan', 'Kabupaten'),
(427, 29, 'Bolaang Mongondow Timur', 'Kabupaten'),
(428, 29, 'Bolaang Mongondow Utara', 'Kabupaten'),
(429, 29, 'Kepulauan Sangihe', 'Kabupaten'),
(430, 29, 'Kepulauan Siau Tagulandang Biaro', 'Kabupaten'),
(431, 29, 'Kepulauan Talaud', 'Kabupaten'),
(432, 29, 'Minahasa', 'Kabupaten'),
(433, 29, 'Minahasa Selatan', 'Kabupaten'),
(434, 29, 'Minahasa Tenggara', 'Kabupaten'),
(435, 29, 'Minahasa Utara', 'Kabupaten'),
(436, 29, 'Bitung', 'Kota'),
(437, 29, 'Kotamobagu', 'Kota'),
(438, 29, 'Manado', 'Kota'),
(439, 29, 'Tomohon', 'Kota'),
(440, 30, 'Majene', 'Kabupaten'),
(441, 30, 'Mamasa', 'Kabupaten'),
(442, 30, 'Mamuju', 'Kabupaten'),
(443, 30, 'Mamuju Utara', 'Kabupaten'),
(444, 30, 'Polewali Mandar', 'Kabupaten'),
(445, 30, 'Mamuju Tengah', 'Kabupaten'),
(446, 31, 'Buru', 'Kabupaten'),
(447, 31, 'Buru Selatan', 'Kabupaten'),
(448, 31, 'Kepulauan Aru', 'Kabupaten'),
(449, 31, 'Maluku Barat Daya', 'Kabupaten'),
(450, 31, 'Maluku Tengah', 'Kabupaten'),
(451, 31, 'Maluku Tenggara', 'Kabupaten'),
(452, 31, 'Maluku Tenggara Barat', 'Kabupaten'),
(453, 31, 'Seram Bagian Barat', 'Kabupaten'),
(454, 31, 'Seram Bagian Timur', 'Kabupaten'),
(455, 31, 'Ambon', 'Kota'),
(456, 31, 'Tual', 'Kota'),
(457, 32, 'Halmahera Barat', 'Kabupaten'),
(458, 32, 'Halmahera Tengah', 'Kabupaten'),
(459, 32, 'Halmahera Utara', 'Kabupaten'),
(460, 32, 'Halmahera Selatan', 'Kabupaten'),
(461, 32, 'Kepulauan Sula', 'Kabupaten'),
(462, 32, 'Halmahera Timur', 'Kabupaten'),
(463, 32, 'Pulau Morotai', 'Kabupaten'),
(464, 32, 'Ternate', 'Kota'),
(465, 32, 'Tidore Kepulauan', 'Kota'),
(466, 32, 'Pulau Taliabu', 'Kabupaten'),
(467, 33, 'Asmat', 'Kabupaten'),
(468, 33, 'Biak Numfor', 'Kabupaten'),
(469, 33, 'Boven Digoel', 'Kabupaten'),
(470, 33, 'Deiyai', 'Kabupaten'),
(471, 33, 'Dogiyai', 'Kabupaten'),
(472, 33, 'Intan Jaya', 'Kabupaten'),
(473, 33, 'Jayapura', 'Kabupaten'),
(474, 33, 'Jayawijaya', 'Kabupaten'),
(475, 33, 'Keerom', 'Kabupaten'),
(476, 33, 'Kepulauan Yapen', 'Kabupaten'),
(477, 33, 'Lanny Jaya', 'Kabupaten'),
(478, 33, 'Mamberamo Raya', 'Kabupaten'),
(479, 33, 'Mamberamo Tengah', 'Kabupaten'),
(480, 33, 'Mappi', 'Kabupaten'),
(481, 33, 'Merauke', 'Kabupaten'),
(482, 33, 'Mimika', 'Kabupaten'),
(483, 33, 'Nabire', 'Kabupaten'),
(484, 33, 'Nduga', 'Kabupaten'),
(485, 33, 'Paniai', 'Kabupaten'),
(486, 33, 'Pegunungan Bintang', 'Kabupaten'),
(487, 33, 'Puncak', 'Kabupaten'),
(488, 33, 'Puncak Jaya', 'Kabupaten'),
(489, 33, 'Sarmi', 'Kabupaten'),
(490, 33, 'Supiori', 'Kabupaten'),
(491, 33, 'Tolikara', 'Kabupaten'),
(492, 33, 'Waropen', 'Kabupaten'),
(493, 33, 'Yahukimo', 'Kabupaten'),
(494, 33, 'Yalimo', 'Kabupaten'),
(495, 33, 'Jayapura', 'Kota'),
(496, 34, 'Fakfak', 'Kabupaten'),
(497, 34, 'Kaimana', 'Kabupaten'),
(498, 34, 'Manokwari', 'Kabupaten'),
(499, 34, 'Manokwari Selatan', 'Kabupaten'),
(500, 34, 'Maybrat', 'Kabupaten'),
(501, 34, 'Pegunungan Arfak', 'Kabupaten'),
(502, 34, 'Raja Ampat', 'Kabupaten'),
(503, 34, 'Sorong', 'Kabupaten'),
(504, 34, 'Sorong Selatan', 'Kabupaten'),
(505, 34, 'Tambrauw', 'Kabupaten'),
(506, 34, 'Teluk Bintuni', 'Kabupaten'),
(507, 34, 'Teluk Wondama', 'Kabupaten'),
(508, 34, 'Sorong', 'Kota');

-- --------------------------------------------------------

--
-- Table structure for table `log_activity_member`
--

CREATE TABLE IF NOT EXISTS `log_activity_member` (
  `log_act_mb_id` bigint(20) unsigned NOT NULL AUTO_INCREMENT,
  `member_id` char(30) NOT NULL,
  `act_mb_id` tinyint(3) unsigned NOT NULL,
  `time` timestamp NOT NULL DEFAULT CURRENT_TIMESTAMP,
  `imei` varchar(50) NOT NULL,
  `ip` varchar(15) NOT NULL,
  `os` char(5) DEFAULT NULL,
  PRIMARY KEY (`log_act_mb_id`),
  KEY `os_version` (`os`),
  KEY `member_id` (`member_id`),
  KEY `act_mb_id` (`act_mb_id`)
) ENGINE=InnoDB  DEFAULT CHARSET=latin1 AUTO_INCREMENT=3 ;

--
-- Dumping data for table `log_activity_member`
--

INSERT INTO `log_activity_member` (`log_act_mb_id`, `member_id`, `act_mb_id`, `time`, `imei`, `ip`, `os`) VALUES
(1, '3', 2, '2014-03-12 12:33:50', '356299043062056', '118.96.202.238', 'NULL'),
(2, '3', 2, '2014-03-12 12:39:38', '356299043062056', '118.96.202.238', 'NULL');

-- --------------------------------------------------------

--
-- Table structure for table `log_forgot_pswd_member`
--

CREATE TABLE IF NOT EXISTS `log_forgot_pswd_member` (
  `id` char(44) NOT NULL,
  `email` varchar(100) NOT NULL,
  `imei` varchar(50) NOT NULL,
  `ip` varchar(15) NOT NULL,
  `time` timestamp NOT NULL DEFAULT CURRENT_TIMESTAMP,
  PRIMARY KEY (`id`),
  KEY `email` (`email`)
) ENGINE=InnoDB DEFAULT CHARSET=latin1;

-- --------------------------------------------------------

--
-- Table structure for table `log_forgot_pswd_store`
--

CREATE TABLE IF NOT EXISTS `log_forgot_pswd_store` (
  `id` char(44) NOT NULL,
  `email` varchar(100) NOT NULL,
  `imei` varchar(50) NOT NULL,
  `ip` varchar(15) NOT NULL,
  `time` timestamp NOT NULL DEFAULT CURRENT_TIMESTAMP,
  PRIMARY KEY (`id`),
  KEY `email` (`email`)
) ENGINE=InnoDB DEFAULT CHARSET=latin1;

--
-- Dumping data for table `log_forgot_pswd_store`
--

INSERT INTO `log_forgot_pswd_store` (`id`, `email`, `imei`, `ip`, `time`) VALUES
('hluj9ZvJsdyQe6tkZ4621D75LVe3ybK/2M/5mDE6Cyo=', 'sagala.aya@dunia.com', '358240055942676', '36.72.111.209', '2014-03-16 05:18:16'),
('mFja8JMh5Y1AToa2DaZ30Qi5YX+LeovXSAr/hMzwtJQ=', 'robi.tanzil.g@gmail.com', '824043543100136870474483', '118.99.90.53', '2014-03-02 14:04:45');

-- --------------------------------------------------------

--
-- Table structure for table `loved_store`
--

CREATE TABLE IF NOT EXISTS `loved_store` (
  `member_id` char(30) NOT NULL,
  `store_id` char(20) NOT NULL,
  `time_added` timestamp NOT NULL DEFAULT CURRENT_TIMESTAMP ON UPDATE CURRENT_TIMESTAMP,
  UNIQUE KEY `member_id` (`member_id`,`store_id`),
  KEY `store_id` (`store_id`)
) ENGINE=InnoDB DEFAULT CHARSET=latin1;

-- --------------------------------------------------------

--
-- Table structure for table `member`
--

CREATE TABLE IF NOT EXISTS `member` (
  `member_id` char(30) NOT NULL,
  `name` varchar(50) NOT NULL,
  `birthdate` date DEFAULT NULL,
  `gender` enum('L','P') DEFAULT NULL,
  `email` varchar(100) NOT NULL,
  `address` varchar(300) DEFAULT NULL,
  `id_kabkota` smallint(5) unsigned DEFAULT NULL,
  `pswd` varchar(60) NOT NULL,
  `short_bio` varchar(300) DEFAULT NULL COMMENT 'short biography / description',
  `egg` bigint(20) unsigned NOT NULL,
  `join_date` timestamp NOT NULL DEFAULT CURRENT_TIMESTAMP,
  `fl_active` enum('0','1') NOT NULL DEFAULT '0',
  `fl_blocked` enum('0','1') NOT NULL DEFAULT '0',
  PRIMARY KEY (`member_id`),
  UNIQUE KEY `email` (`email`),
  KEY `id_kabkota` (`id_kabkota`)
) ENGINE=InnoDB DEFAULT CHARSET=latin1;

--
-- Dumping data for table `member`
--

INSERT INTO `member` (`member_id`, `name`, `birthdate`, `gender`, `email`, `address`, `id_kabkota`, `pswd`, `short_bio`, `egg`, `join_date`, `fl_active`, `fl_blocked`) VALUES
('1', 'Ridwan Effendi', '2014-02-07', 'L', 'ridwan.effendi@vertesac.com', 'Jl. Cisitu Lama VI No 10 B, Dago', 1, 'aZUUNAbEBSp6OxP+WPFom8Odl4Ry4TsZPtqiR6yNNPE=', NULL, 10, '2014-02-18 16:18:19', '1', '0'),
('2', 'Robi Tanzil G', '2014-02-18', 'L', 'robi.tanzil.g@vertesac.com', '-', 2, 'aZUUNAbEBSp6OxP+WPFom8Odl4Ry4TsZPtqiR6yNNPE=', NULL, 20, '2014-02-24 07:23:50', '1', '0'),
('3', 'Taufik Akbar', '2014-02-25', 'L', 'taufik@vertesac.com', 'Jl Tubagus Ismail No 22', 22, 'aZUUNAbEBSp6OxP+WPFom8Odl4Ry4TsZPtqiR6yNNPE=', '-', 120, '2014-02-25 14:17:37', '1', '0'),
('4', 'Atika Astrini', '2014-02-14', 'P', 'atika.astrini@vertesac.com', 'Jl Tubagus Ismail No 22', 78, 'aZUUNAbEBSp6OxP+WPFom8Odl4Ry4TsZPtqiR6yNNPE=', '-', 211, '2014-02-27 04:56:15', '1', '0'),
('5', 'Dino Fitriza', '2014-02-15', 'L', 'dino.fitriza@vertesac.com', 'Jl Tubagus Ismail No 22', 90, 'aZUUNAbEBSp6OxP+WPFom8Odl4Ry4TsZPtqiR6yNNPE=', '-', 890, '2014-02-27 04:57:42', '1', '0'),
('6', 'Kresna Akhmadi', '2014-02-23', 'L', 'kresna.akhmadi@vertesac.com', 'Jl Tubagus Ismail No 22', 250, 'aZUUNAbEBSp6OxP+WPFom8Odl4Ry4TsZPtqiR6yNNPE=', 'Gue anak desain', 990, '2014-02-27 05:02:09', '1', '0'),
('DME8900544071001394026541834J6', 'opik', NULL, NULL, 'opik@vertesac.com', NULL, NULL, 'xPIE4Atf3TPy6wpaLQhkHhNX+tT7VVxLzlu59RuO6PE=', NULL, 100, '2014-03-05 13:35:41', '0', '0');

-- --------------------------------------------------------

--
-- Table structure for table `member_bag`
--

CREATE TABLE IF NOT EXISTS `member_bag` (
  `member_id` char(30) NOT NULL,
  `bag_id` char(22) NOT NULL,
  `time_added` timestamp NOT NULL DEFAULT CURRENT_TIMESTAMP,
  `fl_active` datetime DEFAULT NULL,
  UNIQUE KEY `member_id` (`member_id`,`bag_id`),
  UNIQUE KEY `bag_id` (`bag_id`)
) ENGINE=InnoDB DEFAULT CHARSET=latin1;

--
-- Dumping data for table `member_bag`
--

INSERT INTO `member_bag` (`member_id`, `bag_id`, `time_added`, `fl_active`) VALUES
('1', 'VB00120140111231749340', '2014-03-03 03:04:00', '2014-03-03 00:00:00'),
('2', 'VB00120140111231749475', '2014-03-03 03:04:00', '2014-03-03 00:00:00'),
('3', 'VB00120140111231749631', '2014-03-03 03:04:00', '2014-03-03 00:00:00'),
('4', 'VB00120140111231749723', '2014-03-03 03:04:00', '2014-03-03 00:00:00'),
('5', 'VB00120140111231750157', '2014-03-03 03:04:00', '2014-03-03 00:00:00');

-- --------------------------------------------------------

--
-- Table structure for table `member_gal_photo`
--

CREATE TABLE IF NOT EXISTS `member_gal_photo` (
  `photo_id` int(10) unsigned NOT NULL AUTO_INCREMENT,
  `member_id` char(30) NOT NULL,
  `filename` varchar(150) NOT NULL,
  `time_added` timestamp NOT NULL DEFAULT CURRENT_TIMESTAMP,
  PRIMARY KEY (`photo_id`),
  KEY `member_id` (`member_id`)
) ENGINE=InnoDB DEFAULT CHARSET=latin1 AUTO_INCREMENT=1 ;

-- --------------------------------------------------------

--
-- Table structure for table `member_prf_photo`
--

CREATE TABLE IF NOT EXISTS `member_prf_photo` (
  `photo_id` int(10) unsigned NOT NULL AUTO_INCREMENT,
  `member_id` char(30) NOT NULL,
  `filename` varchar(150) NOT NULL,
  `time_added` timestamp NOT NULL DEFAULT CURRENT_TIMESTAMP,
  `fl_setprofile` enum('1') DEFAULT NULL,
  PRIMARY KEY (`photo_id`),
  UNIQUE KEY `member_id` (`member_id`,`fl_setprofile`)
) ENGINE=InnoDB DEFAULT CHARSET=latin1 AUTO_INCREMENT=1 ;

-- --------------------------------------------------------

--
-- Table structure for table `member_socme`
--

CREATE TABLE IF NOT EXISTS `member_socme` (
  `member_id` char(30) NOT NULL,
  `socme_id` tinyint(3) unsigned NOT NULL,
  `url` varchar(300) NOT NULL,
  UNIQUE KEY `member_id` (`member_id`,`socme_id`),
  KEY `socme_id` (`socme_id`)
) ENGINE=InnoDB DEFAULT CHARSET=latin1 COMMENT='member social media';

-- --------------------------------------------------------

--
-- Table structure for table `promo`
--

CREATE TABLE IF NOT EXISTS `promo` (
  `promo_id` int(10) unsigned NOT NULL AUTO_INCREMENT,
  `promo_code` char(5) NOT NULL,
  `store_id` char(20) NOT NULL,
  `subject` varchar(150) NOT NULL,
  `description` varchar(250) NOT NULL,
  `photo` varchar(50) NOT NULL,
  `disc` tinyint(3) unsigned DEFAULT NULL COMMENT 'discount',
  `egg` smallint(5) unsigned NOT NULL COMMENT 'eggs per visit',
  `time_added` timestamp NOT NULL DEFAULT CURRENT_TIMESTAMP,
  `start_time` date NOT NULL,
  `end_time` date NOT NULL,
  PRIMARY KEY (`promo_id`),
  UNIQUE KEY `promo_code` (`store_id`,`promo_code`),
  KEY `store_id` (`store_id`),
  KEY `discount` (`promo_id`,`disc`),
  KEY `time_added` (`promo_id`,`time_added`)
) ENGINE=InnoDB  DEFAULT CHARSET=latin1 AUTO_INCREMENT=21 ;

--
-- Dumping data for table `promo`
--

INSERT INTO `promo` (`promo_id`, `promo_code`, `store_id`, `subject`, `description`, `photo`, `disc`, `egg`, `time_added`, `start_time`, `end_time`) VALUES
(1, 'AAAAA', '1', 'Promo minggu ini', 'Dapatkan promo hingga 1 rupiah.  hanya ada di sagalaaya.com.', 'photo_promo1.jpg', NULL, 10, '2014-02-23 23:29:50', '2014-02-24', '2014-02-26'),
(2, 'BBBB', '1', 'Promo minggu ini 2', '-', 'photo_promo1.jpg', NULL, 20, '2014-02-27 06:50:29', '2014-02-27', '2014-02-28'),
(3, 'DDD', '3', 'Promo minggu ini 3', '-', 'photo_promo3.jpg', NULL, 12, '2014-03-05 14:09:13', '2014-03-26', '2014-03-27'),
(4, 'EEE', '3', 'Promo minggu ini 4', '-', 'photo_promo4.jpg', NULL, 13, '2014-03-05 14:09:13', '2014-03-26', '2014-03-27'),
(5, 'FFF', '4', 'Promo minggu ini 5', '-', 'photo_promo5.jpg', NULL, 14, '2014-03-05 14:09:13', '2014-03-26', '2014-03-27'),
(6, 'GGG', '4', 'Promo minggu ini 6', '-', 'photo_promo6.jpg', NULL, 15, '2014-03-05 14:09:13', '2014-03-26', '2014-03-27'),
(7, 'HHH', '5', 'Promo minggu ini 7', '-', 'photo_promo7.jpg', NULL, 16, '2014-03-05 14:09:13', '2014-03-26', '2014-03-27'),
(8, 'III', '5', 'Promo minggu ini 8', '-', 'photo_promo8.jpg', NULL, 17, '2014-03-05 14:09:13', '2014-03-26', '2014-03-27'),
(9, 'JJJ', '6', 'Promo minggu ini 9', '-', 'photo_promo9.jpg', NULL, 18, '2014-03-05 14:09:13', '2014-03-26', '2014-03-27'),
(10, 'KKK', '6', 'Promo minggu ini 10', '-', 'photo_promo10.jpg', NULL, 19, '2014-03-05 14:09:13', '2014-03-26', '2014-03-27'),
(11, 'LLL', '7', 'Promo minggu ini 11', '-', 'photo_promo11.jpg', NULL, 20, '2014-03-05 14:09:13', '2014-03-26', '2014-03-27'),
(12, 'MMM', '7', 'Promo minggu ini 12', '-', 'photo_promo12.jpg', NULL, 21, '2014-03-05 14:09:13', '2014-03-26', '2014-03-27'),
(13, 'NNN', '8', 'Promo minggu ini 13', '-', 'photo_promo13.jpg', NULL, 22, '2014-03-05 14:09:13', '2014-03-26', '2014-03-27'),
(14, 'OOO', '8', 'Promo minggu ini 14', '-', 'photo_promo14.jpg', NULL, 23, '2014-03-05 14:09:13', '2014-03-26', '2014-03-27'),
(15, 'PPP', '9', 'Promo minggu ini 15', '-', 'photo_promo15.jpg', NULL, 24, '2014-03-05 14:09:13', '2014-03-26', '2014-03-27'),
(16, 'QQQ', '9', 'Promo minggu ini 16', '-', 'photo_promo16.jpg', NULL, 25, '2014-03-05 14:09:13', '2014-03-26', '2014-03-27'),
(17, 'RRR', '10', 'Promo minggu ini 17', '-', 'photo_promo17.jpg', NULL, 26, '2014-03-05 14:09:13', '2014-03-26', '2014-03-27'),
(18, 'SSS', '10', 'Promo minggu ini 18', '-', 'photo_promo18.jpg', NULL, 27, '2014-03-05 14:09:13', '2014-03-26', '2014-03-27'),
(19, 'TTT', '11', 'Promo minggu ini 19', '-', 'photo_promo19.jpg', NULL, 28, '2014-03-05 14:09:13', '2014-03-26', '2014-03-27'),
(20, 'UUU', '11', 'Promo minggu ini 20', '-', 'photo_promo20.jpg', NULL, 29, '2014-03-05 14:09:13', '2014-03-26', '2014-03-27');

-- --------------------------------------------------------

--
-- Table structure for table `provinsi`
--

CREATE TABLE IF NOT EXISTS `provinsi` (
  `id_provinsi` tinyint(3) unsigned NOT NULL AUTO_INCREMENT,
  `nama` varchar(50) NOT NULL,
  PRIMARY KEY (`id_provinsi`)
) ENGINE=InnoDB  DEFAULT CHARSET=latin1 AUTO_INCREMENT=35 ;

--
-- Dumping data for table `provinsi`
--

INSERT INTO `provinsi` (`id_provinsi`, `nama`) VALUES
(1, 'Aceh'),
(2, 'Sumatera Utara'),
(3, 'Sumatera Barat'),
(4, 'Riau'),
(5, 'Kepulauan Riau'),
(6, 'Jambi'),
(7, 'Bengkulu'),
(8, 'Sumatera Selatan'),
(9, 'Kepulauan Bangka Belitung'),
(10, 'Lampung'),
(11, 'Banten'),
(12, 'Jawa Barat'),
(13, 'DKI Jakarta'),
(14, 'Jawa Tengah'),
(15, 'Jawa Timur'),
(16, 'Daerah Istimewa Yogyakarta'),
(17, 'Bali'),
(18, 'Nusa Tenggara Barat'),
(19, 'Nusa Tenggara Timur'),
(20, 'Kalimantan Barat'),
(21, 'Kalimantan Selatan'),
(22, 'Kalimantan Tengah'),
(23, 'Kalimantan Timur'),
(24, 'Kalimantan Utara'),
(25, 'Gorontalo'),
(26, 'Sulawesi Selatan'),
(27, 'Sulawesi Tenggara'),
(28, 'Sulawesi Tengah'),
(29, 'Sulawesi Utara'),
(30, 'Sulawesi Barat'),
(31, 'Maluku'),
(32, 'Maluku Utara'),
(33, 'Papua'),
(34, 'Papua Barat');

-- --------------------------------------------------------

--
-- Table structure for table `social_media`
--

CREATE TABLE IF NOT EXISTS `social_media` (
  `socme_id` tinyint(3) unsigned NOT NULL AUTO_INCREMENT,
  `name` varchar(150) NOT NULL,
  `icon` varchar(50) NOT NULL,
  PRIMARY KEY (`socme_id`)
) ENGINE=InnoDB DEFAULT CHARSET=latin1 AUTO_INCREMENT=1 ;

-- --------------------------------------------------------

--
-- Table structure for table `store`
--

CREATE TABLE IF NOT EXISTS `store` (
  `store_id` char(20) NOT NULL,
  `store_type_id` tinyint(3) unsigned NOT NULL,
  `mrc_id` char(30) NOT NULL COMMENT 'merchant_id / secondary_id',
  `name` varchar(70) NOT NULL,
  `email` varchar(100) DEFAULT NULL,
  `pswd` varchar(100) NOT NULL,
  `address` varchar(300) NOT NULL,
  `id_kabkota` smallint(5) unsigned NOT NULL,
  `latitude` float NOT NULL DEFAULT '0',
  `longitude` float NOT NULL DEFAULT '0',
  `egg` bigint(20) unsigned NOT NULL DEFAULT '0',
  `slogan` varchar(150) NOT NULL,
  `description` text NOT NULL COMMENT 'description',
  `site` varchar(30) DEFAULT NULL,
  `rating` float(5,4) NOT NULL DEFAULT '0.0000',
  PRIMARY KEY (`store_id`),
  UNIQUE KEY `mrc_id` (`mrc_id`),
  UNIQUE KEY `email` (`email`),
  UNIQUE KEY `password` (`email`,`pswd`),
  KEY `id_kabkota` (`id_kabkota`),
  KEY `store_type_id` (`store_type_id`)
) ENGINE=InnoDB DEFAULT CHARSET=latin1;

--
-- Dumping data for table `store`
--

INSERT INTO `store` (`store_id`, `store_type_id`, `mrc_id`, `name`, `email`, `pswd`, `address`, `id_kabkota`, `latitude`, `longitude`, `egg`, `slogan`, `description`, `site`, `rating`) VALUES
('1', 1, 'CC206', 'Toko Sagala Aya', 'sagala.aya@dunia.com', '6QsrZNMoo7egluyINEsD7GclY1Nav9z2L+E8cI7Tt88=', 'Jl. Surga Gg. Neraka No 69', 1, 0, 0, 500, 'Kami menjual segalanya', ' Lorem ipsum dolor sit amet, consectetur adipiscing elit. Morbi bibendum tincidunt nisi, at convallis diam feugiat eget. Praesent sit amet mauris accumsan, aliquam turpis eget, tincidunt lorem. Quisque tempor dictum fringilla. Sed leo nunc, aliquam quis nunc id, luctus euismod lorem. Pellentesque ac elit tellus. Praesent elementum consectetur tortor, ut accumsan tortor tincidunt blandit. Etiam commodo, dolor ac elementum pellentesque, est lacus mattis enim, non rutrum ipsum nibh at dolor. Quisque non odio a nibh aliquam interdum nec non sem. Mauris dapibus justo sed congue porttitor. Nam at nunc ante. Donec molestie metus non rutrum eleifend. Praesent at nisi dolor. Donec tortor sem, dictum in iaculis sit amet, rhoncus vel sapien. ', 'www.google.com', 3.6150),
('10', 1, 'JT205', 'Indomaret 7', 'indomaret7@google.com', '6QsrZNMoo7egluyINEsD7GclY1Nav9z2L+E8cI7Tt88=', 'Jl Tubagus Ismail No 22', 123, 0, 0, 260, 'Indomaret no 1', '-', NULL, 0.0000),
('11', 1, 'JT206', 'Indomaret 8', 'indomaret8@google.com', '6QsrZNMoo7egluyINEsD7GclY1Nav9z2L+E8cI7Tt88=', 'Jl Tubagus Ismail No 22', 123, 0, 0, 260, 'Indomaret no 1', '-', NULL, 0.0000),
('12', 1, 'JT207', 'Indomaret 9', 'indomaret9@google.com', '6QsrZNMoo7egluyINEsD7GclY1Nav9z2L+E8cI7Tt88=', 'Jl Tubagus Ismail No 22', 123, 0, 0, 260, 'Indomaret no 1', '-', NULL, 0.0000),
('13', 1, 'JT208', 'Indomaret 10', 'indomaret10@google.com', '6QsrZNMoo7egluyINEsD7GclY1Nav9z2L+E8cI7Tt88=', 'Jl Tubagus Ismail No 22', 123, 0, 0, 260, 'Indomaret no 1', '-', NULL, 0.0000),
('14', 1, 'JT209', 'Indomaret 11', 'indomaret11@google.com', '6QsrZNMoo7egluyINEsD7GclY1Nav9z2L+E8cI7Tt88=', 'Jl Tubagus Ismail No 22', 123, 0, 0, 260, 'Indomaret no 1', '-', NULL, 0.0000),
('15', 1, 'JT210', 'Indomaret 12', 'indomaret12@google.com', '6QsrZNMoo7egluyINEsD7GclY1Nav9z2L+E8cI7Tt88=', 'Jl Tubagus Ismail No 22', 123, 0, 0, 260, 'Indomaret no 1', '-', NULL, 0.0000),
('16', 1, 'JT211', 'Indomaret 13', 'indomaret13@google.com', '6QsrZNMoo7egluyINEsD7GclY1Nav9z2L+E8cI7Tt88=', 'Jl Tubagus Ismail No 22', 123, 0, 0, 260, 'Indomaret no 1', '-', NULL, 0.0000),
('17', 1, 'JT212', 'Indomaret 14', 'indomaret14@google.com', '6QsrZNMoo7egluyINEsD7GclY1Nav9z2L+E8cI7Tt88=', 'Jl Tubagus Ismail No 22', 123, 0, 0, 260, 'Indomaret no 1', '-', NULL, 0.0000),
('2', 4, 'CC201', 'Starbucks Coffe', 'starbucks@google.com', '6QsrZNMoo7egluyINEsD7GclY1Nav9z2L+E8cI7Tt88=', 'Jl Tubagus Ismail No 22', 132, 0, 0, 510, 'Best Coffe Shop In The City', 'Lorem Ipsum is simply dummy text of the printing and typesetting industry. Lorem Ipsum has been the industry''s standard dummy text ever since the 1500s', 'starbucks.com', 0.0000),
('3', 3, 'CC204', '22 Reborn System', 'robi.tanzil.g@gmail.com', '6QsrZNMoo7egluyINEsD7GclY1Nav9z2L+E8cI7Tt88=', 'Jl Tubagus Ismail No 22', 52, 0, 0, 120, 'New Spirit', 'Nothing', NULL, 0.0000),
('4', 1, 'JT298', 'Indomaret', 'indomaret@google.com', '6QsrZNMoo7egluyINEsD7GclY1Nav9z2L+E8cI7Tt88=', 'Jl Tubagus Ismail No 22', 123, 0, 0, 260, 'Indomaret no 1', '-', NULL, 0.0000),
('5', 1, 'JT200', 'Indomaret 2', 'indomaret2@google.com', '6QsrZNMoo7egluyINEsD7GclY1Nav9z2L+E8cI7Tt88=', 'Jl Tubagus Ismail No 22', 123, 0, 0, 260, 'Indomaret no 1', '-', NULL, 0.0000),
('6', 1, 'JT201', 'Indomaret 3', 'indomaret3@google.com', '6QsrZNMoo7egluyINEsD7GclY1Nav9z2L+E8cI7Tt88=', 'Jl Tubagus Ismail No 22', 123, 0, 0, 260, 'Indomaret no 1', '-', NULL, 0.0000),
('7', 1, 'JT202', 'Indomaret 4', 'indomaret4@google.com', '6QsrZNMoo7egluyINEsD7GclY1Nav9z2L+E8cI7Tt88=', 'Jl Tubagus Ismail No 22', 123, 0, 0, 260, 'Indomaret no 1', '-', NULL, 0.0000),
('8', 1, 'JT203', 'Indomaret 5', 'indomaret5@google.com', '6QsrZNMoo7egluyINEsD7GclY1Nav9z2L+E8cI7Tt88=', 'Jl Tubagus Ismail No 22', 123, 0, 0, 260, 'Indomaret no 1', '-', NULL, 0.0000),
('9', 1, 'JT204', 'Indomaret 6', 'indomaret6@google.com', '6QsrZNMoo7egluyINEsD7GclY1Nav9z2L+E8cI7Tt88=', 'Jl Tubagus Ismail No 22', 123, 0, 0, 260, 'Indomaret no 1', '-', NULL, 0.0000);

-- --------------------------------------------------------

--
-- Table structure for table `store_cover_photo`
--

CREATE TABLE IF NOT EXISTS `store_cover_photo` (
  `cover_photo_id` int(10) unsigned NOT NULL AUTO_INCREMENT,
  `store_id` char(20) NOT NULL,
  `filename` varchar(150) NOT NULL,
  `time_added` timestamp NOT NULL DEFAULT CURRENT_TIMESTAMP,
  `fl_setcover` enum('1') DEFAULT NULL,
  PRIMARY KEY (`cover_photo_id`),
  UNIQUE KEY `cover_photo` (`store_id`,`fl_setcover`),
  KEY `store_id` (`store_id`)
) ENGINE=InnoDB  DEFAULT CHARSET=latin1 AUTO_INCREMENT=3 ;

--
-- Dumping data for table `store_cover_photo`
--

INSERT INTO `store_cover_photo` (`cover_photo_id`, `store_id`, `filename`, `time_added`, `fl_setcover`) VALUES
(1, '1', 'cover1', '2014-02-23 23:10:24', '1'),
(2, '1', 'cover2', '2014-02-23 23:10:24', NULL);

-- --------------------------------------------------------

--
-- Table structure for table `store_gal_photo`
--

CREATE TABLE IF NOT EXISTS `store_gal_photo` (
  `photo_id` int(10) unsigned NOT NULL AUTO_INCREMENT,
  `store_id` char(20) NOT NULL,
  `filename` varchar(150) NOT NULL,
  `time_added` timestamp NOT NULL DEFAULT CURRENT_TIMESTAMP,
  PRIMARY KEY (`photo_id`),
  KEY `store_id` (`store_id`)
) ENGINE=InnoDB  DEFAULT CHARSET=latin1 AUTO_INCREMENT=3 ;

--
-- Dumping data for table `store_gal_photo`
--

INSERT INTO `store_gal_photo` (`photo_id`, `store_id`, `filename`, `time_added`) VALUES
(1, '1', 'photo1.jpg', '2014-02-23 23:00:37'),
(2, '1', 'photo2.jpg', '2014-02-23 23:01:41');

-- --------------------------------------------------------

--
-- Table structure for table `store_prf_photo`
--

CREATE TABLE IF NOT EXISTS `store_prf_photo` (
  `photo_id` int(10) unsigned NOT NULL DEFAULT '0',
  `store_id` char(20) NOT NULL,
  `filename` varchar(150) NOT NULL,
  `time_added` timestamp NOT NULL DEFAULT '0000-00-00 00:00:00',
  `fl_setprofile` enum('1') DEFAULT NULL,
  PRIMARY KEY (`photo_id`),
  UNIQUE KEY `profile_photo` (`store_id`,`fl_setprofile`),
  KEY `store_id` (`store_id`)
) ENGINE=InnoDB DEFAULT CHARSET=latin1;

--
-- Dumping data for table `store_prf_photo`
--

INSERT INTO `store_prf_photo` (`photo_id`, `store_id`, `filename`, `time_added`, `fl_setprofile`) VALUES
(1, '1', 'photo1.jpg', '2014-02-23 16:00:37', NULL),
(2, '1', 'photo2.jpg', '2014-02-23 16:01:41', '1');

-- --------------------------------------------------------

--
-- Table structure for table `store_rating`
--

CREATE TABLE IF NOT EXISTS `store_rating` (
  `store_id` char(20) NOT NULL,
  `member_id` char(30) NOT NULL,
  `rating` enum('1','2','3','4','5') NOT NULL,
  UNIQUE KEY `store_id` (`store_id`,`member_id`),
  KEY `member_id` (`member_id`)
) ENGINE=InnoDB DEFAULT CHARSET=latin1;

-- --------------------------------------------------------

--
-- Table structure for table `store_socme`
--

CREATE TABLE IF NOT EXISTS `store_socme` (
  `store_id` char(20) NOT NULL,
  `socme_id` tinyint(3) unsigned NOT NULL,
  `url` varchar(300) NOT NULL,
  UNIQUE KEY `store_id` (`store_id`,`socme_id`),
  KEY `socme_id` (`socme_id`)
) ENGINE=InnoDB DEFAULT CHARSET=latin1;

-- --------------------------------------------------------

--
-- Table structure for table `store_type`
--

CREATE TABLE IF NOT EXISTS `store_type` (
  `store_type_id` tinyint(3) unsigned NOT NULL AUTO_INCREMENT,
  `name` varchar(30) NOT NULL,
  PRIMARY KEY (`store_type_id`)
) ENGINE=InnoDB  DEFAULT CHARSET=latin1 AUTO_INCREMENT=6 ;

--
-- Dumping data for table `store_type`
--

INSERT INTO `store_type` (`store_type_id`, `name`) VALUES
(1, 'Fashion'),
(2, 'Retail Store'),
(3, 'Music Store'),
(4, 'Restaurant'),
(5, 'Book Store');

-- --------------------------------------------------------

--
-- Table structure for table `transaction`
--

CREATE TABLE IF NOT EXISTS `transaction` (
  `transaction_id` int(10) unsigned NOT NULL AUTO_INCREMENT,
  `store_id` char(20) NOT NULL,
  `member_id` char(30) NOT NULL,
  `bag_id` char(22) NOT NULL,
  `time` timestamp NOT NULL DEFAULT CURRENT_TIMESTAMP,
  PRIMARY KEY (`transaction_id`),
  KEY `store_id` (`store_id`),
  KEY `member_id` (`member_id`),
  KEY `member_bag` (`member_id`,`bag_id`)
) ENGINE=InnoDB  DEFAULT CHARSET=latin1 AUTO_INCREMENT=11 ;

--
-- Dumping data for table `transaction`
--

INSERT INTO `transaction` (`transaction_id`, `store_id`, `member_id`, `bag_id`, `time`) VALUES
(1, '1', '1', 'VB00120140111231749340', '2014-02-24 07:18:44'),
(2, '1', '2', 'VB00120140111231749475', '2014-02-24 07:24:32'),
(3, '1', '2', 'VB00120140111231749475', '2014-02-26 22:05:38'),
(4, '1', '3', 'VB00120140111231749631', '2014-02-26 22:09:51'),
(5, '1', '3', 'VB00120140111231749631', '2014-02-27 22:09:51'),
(6, '1', '4', 'VB00120140111231749723', '2014-02-27 22:09:51'),
(7, '1', '5', 'VB00120140111231750157', '2014-02-27 22:09:51'),
(8, '1', '5', 'VB00120140111231750157', '2014-02-28 22:09:51'),
(9, '1', '5', 'VB00120140111231750157', '2014-03-01 22:09:51'),
(10, '1', '5', 'VB00120140111231750157', '2014-03-02 22:09:51');

-- --------------------------------------------------------

--
-- Table structure for table `transaction_detail`
--

CREATE TABLE IF NOT EXISTS `transaction_detail` (
  `transaction_id` int(10) unsigned NOT NULL,
  `promo_id` int(10) unsigned NOT NULL,
  `qty` tinyint(3) unsigned NOT NULL,
  UNIQUE KEY `transaction_id` (`transaction_id`,`promo_id`),
  KEY `promo_id` (`promo_id`)
) ENGINE=InnoDB DEFAULT CHARSET=latin1;

--
-- Dumping data for table `transaction_detail`
--

INSERT INTO `transaction_detail` (`transaction_id`, `promo_id`, `qty`) VALUES
(1, 1, 3),
(2, 1, 2),
(2, 2, 2),
(3, 1, 1),
(4, 1, 1),
(5, 1, 1),
(6, 1, 1),
(7, 1, 1),
(8, 1, 1),
(9, 1, 1),
(10, 1, 1);

--
-- Constraints for dumped tables
--

--
-- Constraints for table `bag`
--
ALTER TABLE `bag`
  ADD CONSTRAINT `bag_ibfk_1` FOREIGN KEY (`bag_type_id`) REFERENCES `bag_type` (`bag_type_id`) ON DELETE CASCADE ON UPDATE CASCADE;

--
-- Constraints for table `bag_content`
--
ALTER TABLE `bag_content`
  ADD CONSTRAINT `bag_content_ibfk_1` FOREIGN KEY (`bag_type_id`) REFERENCES `bag_type` (`bag_type_id`) ON DELETE CASCADE ON UPDATE CASCADE;

--
-- Constraints for table `bag_photo`
--
ALTER TABLE `bag_photo`
  ADD CONSTRAINT `bag_photo_ibfk_1` FOREIGN KEY (`bag_type_id`) REFERENCES `bag_type` (`bag_type_id`) ON DELETE CASCADE ON UPDATE CASCADE;

--
-- Constraints for table `egg_transaction`
--
ALTER TABLE `egg_transaction`
  ADD CONSTRAINT `egg_transaction_ibfk_1` FOREIGN KEY (`store_id`) REFERENCES `store` (`store_id`) ON DELETE CASCADE ON UPDATE CASCADE,
  ADD CONSTRAINT `egg_transaction_ibfk_2` FOREIGN KEY (`egg_package_id`) REFERENCES `egg_package` (`egg_package_id`) ON DELETE CASCADE ON UPDATE CASCADE;

--
-- Constraints for table `friends`
--
ALTER TABLE `friends`
  ADD CONSTRAINT `friends_ibfk_1` FOREIGN KEY (`member_id`) REFERENCES `member` (`member_id`) ON DELETE CASCADE ON UPDATE CASCADE,
  ADD CONSTRAINT `friends_ibfk_2` FOREIGN KEY (`friend_id`) REFERENCES `member` (`member_id`) ON DELETE CASCADE ON UPDATE CASCADE;

--
-- Constraints for table `kabkota`
--
ALTER TABLE `kabkota`
  ADD CONSTRAINT `kabkota_ibfk_1` FOREIGN KEY (`id_provinsi`) REFERENCES `provinsi` (`id_provinsi`) ON DELETE CASCADE ON UPDATE CASCADE;

--
-- Constraints for table `log_activity_member`
--
ALTER TABLE `log_activity_member`
  ADD CONSTRAINT `log_activity_member_ibfk_1` FOREIGN KEY (`member_id`) REFERENCES `member` (`member_id`) ON DELETE CASCADE ON UPDATE CASCADE,
  ADD CONSTRAINT `log_activity_member_ibfk_2` FOREIGN KEY (`act_mb_id`) REFERENCES `activity_member` (`act_mb_id`) ON UPDATE CASCADE;

--
-- Constraints for table `loved_store`
--
ALTER TABLE `loved_store`
  ADD CONSTRAINT `loved_store_ibfk_1` FOREIGN KEY (`member_id`) REFERENCES `member` (`member_id`) ON DELETE CASCADE ON UPDATE CASCADE,
  ADD CONSTRAINT `loved_store_ibfk_2` FOREIGN KEY (`store_id`) REFERENCES `store` (`store_id`) ON DELETE CASCADE ON UPDATE CASCADE;

--
-- Constraints for table `member`
--
ALTER TABLE `member`
  ADD CONSTRAINT `member_ibfk_1` FOREIGN KEY (`id_kabkota`) REFERENCES `kabkota` (`id_kabkota`) ON DELETE CASCADE ON UPDATE CASCADE;

--
-- Constraints for table `member_bag`
--
ALTER TABLE `member_bag`
  ADD CONSTRAINT `member_bag_ibfk_1` FOREIGN KEY (`member_id`) REFERENCES `member` (`member_id`) ON DELETE CASCADE ON UPDATE CASCADE,
  ADD CONSTRAINT `member_bag_ibfk_2` FOREIGN KEY (`bag_id`) REFERENCES `bag` (`bag_id`) ON DELETE CASCADE ON UPDATE CASCADE;

--
-- Constraints for table `member_gal_photo`
--
ALTER TABLE `member_gal_photo`
  ADD CONSTRAINT `member_gal_photo_ibfk_1` FOREIGN KEY (`member_id`) REFERENCES `member` (`member_id`) ON DELETE CASCADE ON UPDATE CASCADE;

--
-- Constraints for table `member_prf_photo`
--
ALTER TABLE `member_prf_photo`
  ADD CONSTRAINT `member_prf_photo_ibfk_1` FOREIGN KEY (`member_id`) REFERENCES `member` (`member_id`) ON DELETE CASCADE ON UPDATE CASCADE;

--
-- Constraints for table `member_socme`
--
ALTER TABLE `member_socme`
  ADD CONSTRAINT `member_socme_ibfk_1` FOREIGN KEY (`member_id`) REFERENCES `member` (`member_id`) ON DELETE CASCADE ON UPDATE CASCADE,
  ADD CONSTRAINT `member_socme_ibfk_2` FOREIGN KEY (`socme_id`) REFERENCES `social_media` (`socme_id`) ON DELETE CASCADE ON UPDATE CASCADE;

--
-- Constraints for table `promo`
--
ALTER TABLE `promo`
  ADD CONSTRAINT `promo_ibfk_1` FOREIGN KEY (`store_id`) REFERENCES `store` (`store_id`) ON DELETE CASCADE ON UPDATE CASCADE;

--
-- Constraints for table `store`
--
ALTER TABLE `store`
  ADD CONSTRAINT `store_ibfk_1` FOREIGN KEY (`store_type_id`) REFERENCES `store_type` (`store_type_id`) ON DELETE CASCADE ON UPDATE CASCADE,
  ADD CONSTRAINT `store_ibfk_2` FOREIGN KEY (`id_kabkota`) REFERENCES `kabkota` (`id_kabkota`) ON DELETE CASCADE ON UPDATE CASCADE;

--
-- Constraints for table `store_gal_photo`
--
ALTER TABLE `store_gal_photo`
  ADD CONSTRAINT `store_gal_photo_ibfk_1` FOREIGN KEY (`store_id`) REFERENCES `store` (`store_id`) ON DELETE CASCADE ON UPDATE CASCADE;

--
-- Constraints for table `store_prf_photo`
--
ALTER TABLE `store_prf_photo`
  ADD CONSTRAINT `store_prf_photo_ibfk_1` FOREIGN KEY (`store_id`) REFERENCES `store` (`store_id`) ON DELETE CASCADE ON UPDATE CASCADE;

--
-- Constraints for table `store_rating`
--
ALTER TABLE `store_rating`
  ADD CONSTRAINT `store_rating_ibfk_1` FOREIGN KEY (`store_id`) REFERENCES `store` (`store_id`) ON DELETE CASCADE ON UPDATE CASCADE,
  ADD CONSTRAINT `store_rating_ibfk_2` FOREIGN KEY (`member_id`) REFERENCES `member` (`member_id`) ON DELETE CASCADE ON UPDATE CASCADE;

--
-- Constraints for table `store_socme`
--
ALTER TABLE `store_socme`
  ADD CONSTRAINT `store_socme_ibfk_1` FOREIGN KEY (`store_id`) REFERENCES `store` (`store_id`) ON DELETE CASCADE ON UPDATE CASCADE,
  ADD CONSTRAINT `store_socme_ibfk_2` FOREIGN KEY (`socme_id`) REFERENCES `social_media` (`socme_id`) ON DELETE CASCADE ON UPDATE CASCADE;

--
-- Constraints for table `transaction`
--
ALTER TABLE `transaction`
  ADD CONSTRAINT `transaction_ibfk_1` FOREIGN KEY (`store_id`) REFERENCES `store` (`store_id`) ON DELETE CASCADE ON UPDATE CASCADE,
  ADD CONSTRAINT `transaction_ibfk_2` FOREIGN KEY (`member_id`) REFERENCES `member` (`member_id`) ON DELETE CASCADE ON UPDATE CASCADE;

--
-- Constraints for table `transaction_detail`
--
ALTER TABLE `transaction_detail`
  ADD CONSTRAINT `transaction_detail_ibfk_1` FOREIGN KEY (`transaction_id`) REFERENCES `transaction` (`transaction_id`) ON DELETE CASCADE ON UPDATE CASCADE,
  ADD CONSTRAINT `transaction_detail_ibfk_2` FOREIGN KEY (`promo_id`) REFERENCES `promo` (`promo_id`) ON DELETE CASCADE ON UPDATE CASCADE;

/*!40101 SET CHARACTER_SET_CLIENT=@OLD_CHARACTER_SET_CLIENT */;
/*!40101 SET CHARACTER_SET_RESULTS=@OLD_CHARACTER_SET_RESULTS */;
/*!40101 SET COLLATION_CONNECTION=@OLD_COLLATION_CONNECTION */;
