SET SQL_MODE="NO_AUTO_VALUE_ON_ZERO";
SET time_zone = "+00:00";

/*!40101 SET @OLD_CHARACTER_SET_CLIENT=@@CHARACTER_SET_CLIENT */;
/*!40101 SET @OLD_CHARACTER_SET_RESULTS=@@CHARACTER_SET_RESULTS */;
/*!40101 SET @OLD_COLLATION_CONNECTION=@@COLLATION_CONNECTION */;
/*!40101 SET NAMES utf8 */;


CREATE TABLE IF NOT EXISTS `bag` (
  `bag_id` char(22) NOT NULL,
  `bag_type_id` char(3) NOT NULL,
  `seq` char(18) NOT NULL COMMENT 'Sequential ID',
  `activation_code` char(11) NOT NULL,
  `time_added` timestamp NOT NULL DEFAULT CURRENT_TIMESTAMP,
  `fl_active` enum('0','1') NOT NULL DEFAULT '1' COMMENT '1 = aktif, 0 = nonaktif',
  PRIMARY KEY (`bag_id`),
  UNIQUE KEY `seq` (`seq`),
  UNIQUE KEY `activation_code` (`activation_code`),
  KEY `bag_type_id` (`bag_type_id`)
) ENGINE=InnoDB DEFAULT CHARSET=latin1;

INSERT INTO `bag` (`bag_id`, `bag_type_id`, `seq`, `activation_code`, `time_added`, `fl_active`) VALUES
('VB00120140111224336131', '001', 'VQR1401112243362', '14638CC2CA8', '2014-01-11 15:43:36', '1'),
('VB00120140111224336140', '001', 'VQR1401112243361', '14638CC2CA4', '2014-01-11 15:43:36', '1'),
('VB00120140111224337328', '001', 'VQR1401112243373', '14638CC2CB2', '2014-01-11 15:43:37', '1'),
('VB00120140111224337391', '001', 'VQR1401112243374', '14638CC2CAB', '2014-01-11 15:43:37', '1'),
('VB00120140111224337715', '001', 'VQR1401112243375', '14638CC2CB1', '2014-01-11 15:43:37', '1'),
('VB00120140111224338474', '001', 'VQR1401112243387', '14638CC2CB6', '2014-01-11 15:43:38', '1'),
('VB00120140111224338957', '001', 'VQR1401112243386', '14638CC2CB9', '2014-01-11 15:43:38', '1'),
('VB00120140111224339152', '001', 'VQR14011122433910', '14638CC2CC4', '2014-01-11 15:43:39', '1'),
('VB00120140111224339398', '001', 'VQR1401112243398', '14638CC2CC5', '2014-01-11 15:43:39', '1'),
('VB00120140111224339743', '001', 'VQR1401112243399', '14638CC2CC0', '2014-01-11 15:43:39', '1'),
('VB00120140111224340165', '001', 'VQR14011122434012', '14638CC2CD0', '2014-01-11 15:43:40', '1'),
('VB00120140111224340188', '001', 'VQR14011122434014', '14638CC2CCF', '2014-01-11 15:43:40', '1'),
('VB00120140111224340261', '001', 'VQR14011122434013', '14638CC2CC9', '2014-01-11 15:43:40', '1'),
('VB00120140111224340714', '001', 'VQR14011122434015', '14638CC2CCB', '2014-01-11 15:43:40', '1'),
('VB00120140111224341589', '001', 'VQR14011122434117', '14638CC2CD6', '2014-01-11 15:43:41', '1'),
('VB00120140111224341761', '001', 'VQR14011122434118', '14638CC2CDA', '2014-01-11 15:43:41', '1'),
('VB00120140111224341874', '001', 'VQR14011122434116', '14638CC2CDB', '2014-01-11 15:43:41', '1'),
('VB00120140111224342196', '001', 'VQR14011122434221', '14638CC2CDF', '2014-01-11 15:43:42', '1'),
('VB00120140111224342264', '001', 'VQR14011122434219', '14638CC2CE3', '2014-01-11 15:43:42', '1'),
('VB00120140111224342635', '001', 'VQR14011122434222', '14638CC2CDD', '2014-01-11 15:43:42', '1'),
('VB00120140111224342653', '001', 'VQR14011122434220', '14638CC2CE2', '2014-01-11 15:43:42', '1'),
('VB00120140111224343510', '001', 'VQR14011122434323', '14638CC2CEE', '2014-01-11 15:43:43', '1'),
('VB00120140111224344811', '001', 'VQR14011122434424', '14638CC2CF8', '2014-01-11 15:43:44', '1'),
('VB00120140111224345491', '001', 'VQR14011122434525', '14638CC2CFB', '2014-01-11 15:43:45', '1'),
('VB00120140111224346321', '001', 'VQR14011122434626', '14638CC2D0C', '2014-01-11 15:43:46', '1'),
('VB00120140111224347925', '001', 'VQR14011122434727', '14638CC2D16', '2014-01-11 15:43:47', '1'),
('VB00120140111224348468', '001', 'VQR14011122434829', '14638CC2D1C', '2014-01-11 15:43:48', '1'),
('VB00120140111224348926', '001', 'VQR14011122434828', '14638CC2D19', '2014-01-11 15:43:48', '1'),
('VB00120140111224349103', '001', 'VQR14011122434930', '14638CC2D29', '2014-01-11 15:43:49', '1'),
('VB00120140111224350641', '001', 'VQR14011122435031', '14638CC2D32', '2014-01-11 15:43:50', '1'),
('VB00120140111224351651', '001', 'VQR14011122435132', '14638CC2D3C', '2014-01-11 15:43:51', '1'),
('VB00120140111224352782', '001', 'VQR14011122435233', '14638CC2D44', '2014-01-11 15:43:52', '1'),
('VB00120140111224353882', '001', 'VQR14011122435335', '14638CC2D4E', '2014-01-11 15:43:53', '1'),
('VB00120140111224353945', '001', 'VQR14011122435334', '14638CC2D4D', '2014-01-11 15:43:53', '1'),
('VB00120140111224354325', '001', 'VQR14011122435436', '14638CC2D5B', '2014-01-11 15:43:54', '1'),
('VB00120140111224355595', '001', 'VQR14011122435537', '14638CC2D63', '2014-01-11 15:43:55', '1'),
('VB00120140111224356450', '001', 'VQR14011122435638', '14638CC2D6C', '2014-01-11 15:43:56', '1'),
('VB00120140111224357744', '001', 'VQR14011122435739', '14638CC2D76', '2014-01-11 15:43:57', '1'),
('VB00120140111224358150', '001', 'VQR14011122435842', '14638CC2D82', '2014-01-11 15:43:58', '1'),
('VB00120140111224358429', '001', 'VQR14011122435840', '14638CC2D83', '2014-01-11 15:43:58', '1'),
('VB00120140111224358899', '001', 'VQR14011122435841', '14638CC2D85', '2014-01-11 15:43:58', '1'),
('VB00120140111224359276', '001', 'VQR14011122435943', '14638CC2D8C', '2014-01-11 15:43:59', '1'),
('VB00120140111224359862', '001', 'VQR14011122435944', '14638CC2D87', '2014-01-11 15:43:59', '1'),
('VB00120140111224400369', '001', 'VQR14011122440049', '14638CC2F27', '2014-01-11 15:44:00', '1'),
('VB00120140111224400593', '001', 'VQR14011122440047', '14638CC2F28', '2014-01-11 15:44:00', '1'),
('VB00120140111224400742', '001', 'VQR14011122440046', '14638CC2F25', '2014-01-11 15:44:00', '1'),
('VB00120140111224400993', '001', 'VQR14011122440048', '14638CC2F24', '2014-01-11 15:44:00', '1'),
('VB00120140111224401408', '001', 'VQR14011122440150', '14638CC2F31', '2014-01-11 15:44:01', '1'),
('VB00120140111224401948', '001', 'VQR14011122440151', '14638CC2F2B', '2014-01-11 15:44:01', '1'),
('VB00120140111224402242', '001', 'VQR14011122440252', '14638CC2F39', '2014-01-11 15:44:02', '1'),
('VB00120140111224403802', '001', 'VQR14011122440353', '14638CC2F47', '2014-01-11 15:44:03', '1'),
('VB00120140111224404483', '001', 'VQR14011122440454', '14638CC2F4A', '2014-01-11 15:44:04', '1'),
('VB00120140111224405137', '001', 'VQR14011122440555', '14638CC2F58', '2014-01-11 15:44:05', '1'),
('VB00120140111224406126', '001', 'VQR14011122440658', '14638CC2F5E', '2014-01-11 15:44:06', '1'),
('VB00120140111224406193', '001', 'VQR14011122440657', '14638CC2F60', '2014-01-11 15:44:06', '1'),
('VB00120140111224406461', '001', 'VQR14011122440659', '14638CC2F5D', '2014-01-11 15:44:06', '1'),
('VB00120140111224407284', '001', 'VQR14011122440764', '14638CC2F6A', '2014-01-11 15:44:07', '1'),
('VB00120140111224407564', '001', 'VQR14011122440763', '14638CC2F68', '2014-01-11 15:44:07', '1'),
('VB00120140111224407971', '001', 'VQR14011122440761', '14638CC2F6C', '2014-01-11 15:44:07', '1'),
('VB00120140111224407981', '001', 'VQR14011122440762', '14638CC2F6D', '2014-01-11 15:44:07', '1'),
('VB00120140111224408227', '001', 'VQR14011122440867', '14638CC2F76', '2014-01-11 15:44:08', '1'),
('VB00120140111224408469', '001', 'VQR14011122440866', '14638CC2F71', '2014-01-11 15:44:08', '1'),
('VB00120140111224408675', '001', 'VQR14011122440865', '14638CC2F79', '2014-01-11 15:44:08', '1'),
('VB00120140111224408975', '001', 'VQR14011122440868', '14638CC2F75', '2014-01-11 15:44:08', '1'),
('VB00120140111224409139', '001', 'VQR14011122440969', '14638CC2F7D', '2014-01-11 15:44:09', '1'),
('VB00120140111224409310', '001', 'VQR14011122440971', '14638CC2F7F', '2014-01-11 15:44:09', '1'),
('VB00120140111224409437', '001', 'VQR14011122440970', '14638CC2F81', '2014-01-11 15:44:09', '1'),
('VB00120140111224410194', '001', 'VQR14011122441073', '14638CC2F89', '2014-01-11 15:44:10', '1'),
('VB00120140111224410720', '001', 'VQR14011122441075', '14638CC2F8D', '2014-01-11 15:44:10', '1'),
('VB00120140111224410763', '001', 'VQR14011122441072', '14638CC2F8A', '2014-01-11 15:44:10', '1'),
('VB00120140111224410815', '001', 'VQR14011122441074', '14638CC2F87', '2014-01-11 15:44:10', '1'),
('VB00120140111224411216', '001', 'VQR14011122441176', '14638CC2F91', '2014-01-11 15:44:11', '1'),
('VB00120140111224411283', '001', 'VQR14011122441178', '14638CC2F92', '2014-01-11 15:44:11', '1'),
('VB00120140111224411461', '001', 'VQR14011122441177', '14638CC2F90', '2014-01-11 15:44:11', '1'),
('VB00120140111224412179', '001', 'VQR14011122441281', '14638CC2F99', '2014-01-11 15:44:12', '1'),
('VB00120140111224412180', '001', 'VQR14011122441280', '14638CC2FA1', '2014-01-11 15:44:12', '1'),
('VB00120140111224412876', '001', 'VQR14011122441282', '14638CC2F9F', '2014-01-11 15:44:12', '1'),
('VB00120140111224412915', '001', 'VQR14011122441279', '14638CC2F9B', '2014-01-11 15:44:12', '1'),
('VB00120140111224413154', '001', 'VQR14011122441383', '14638CC2FAA', '2014-01-11 15:44:13', '1'),
('VB00120140111224413353', '001', 'VQR14011122441384', '14638CC2FA8', '2014-01-11 15:44:13', '1'),
('VB00120140111224413598', '001', 'VQR14011122441385', '14638CC2FA4', '2014-01-11 15:44:13', '1'),
('VB00120140111224414838', '001', 'VQR14011122441486', '14638CC2FAF', '2014-01-11 15:44:14', '1'),
('VB00120140111224414888', '001', 'VQR14011122441489', '14638CC2FB5', '2014-01-11 15:44:14', '1'),
('VB00120140111224414964', '001', 'VQR14011122441487', '14638CC2FB3', '2014-01-11 15:44:14', '1'),
('VB00120140111224415103', '001', 'VQR14011122441590', '14638CC2FBB', '2014-01-11 15:44:15', '1'),
('VB00120140111224415527', '001', 'VQR14011122441591', '14638CC2FBC', '2014-01-11 15:44:15', '1'),
('VB00120140111224415544', '001', 'VQR14011122441592', '14638CC2FBD', '2014-01-11 15:44:15', '1'),
('VB00120140111224416364', '001', 'VQR14011122441694', '14638CC2FC5', '2014-01-11 15:44:16', '1'),
('VB00120140111224416536', '001', 'VQR14011122441696', '14638CC2FC1', '2014-01-11 15:44:16', '1'),
('VB00120140111224416705', '001', 'VQR14011122441693', '14638CC2FC9', '2014-01-11 15:44:16', '1'),
('VB00120140111224417150', '001', 'VQR140111224417100', '14638CC2FCB', '2014-01-11 15:44:17', '1'),
('VB00120140111224417219', '001', 'VQR14011122441799', '14638CC2FCD', '2014-01-11 15:44:17', '1'),
('VB00120140111224417882', '001', 'VQR14011122441797', '14638CC2FCF', '2014-01-11 15:44:17', '1'),
('VB00120140111224418537', '001', 'VQR140111224418102', '14638CC2FD7', '2014-01-11 15:44:18', '1'),
('VB00120140111224418551', '001', 'VQR140111224418103', '14638CC2FD6', '2014-01-11 15:44:18', '1'),
('VB00120140111224418646', '001', 'VQR140111224418101', '14638CC2FD9', '2014-01-11 15:44:18', '1'),
('VB00120140111224419385', '001', 'VQR140111224419104', '14638CC2FE2', '2014-01-11 15:44:19', '1'),
('VB00120140111224419527', '001', 'VQR140111224419106', '14638CC2FE6', '2014-01-11 15:44:19', '1'),
('VB00120140111224419796', '001', 'VQR140111224419105', '14638CC2FE3', '2014-01-11 15:44:19', '1'),
('VB00120140111224420539', '001', 'VQR140111224420108', '14638CC2FEC', '2014-01-11 15:44:20', '1'),
('VB00120140111224420596', '001', 'VQR140111224420109', '14638CC2FEA', '2014-01-11 15:44:20', '1'),
('VB00120140111224420805', '001', 'VQR140111224420111', '14638CC2FEF', '2014-01-11 15:44:20', '1'),
('VB00120140111224421161', '001', 'VQR140111224421112', '14638CC2FF5', '2014-01-11 15:44:21', '1'),
('VB00120140111224421566', '001', 'VQR140111224421113', '14638CC2FF6', '2014-01-11 15:44:21', '1'),
('VB00120140111224421717', '001', 'VQR140111224421114', '14638CC2FF9', '2014-01-11 15:44:21', '1'),
('VB00120140111224422127', '001', 'VQR140111224422116', '14638CC2FFF', '2014-01-11 15:44:22', '1'),
('VB00120140111224422337', '001', 'VQR140111224422115', '14638CC2FFE', '2014-01-11 15:44:22', '1'),
('VB00120140111224422836', '001', 'VQR140111224422117', '14638CC3005', '2014-01-11 15:44:22', '1'),
('VB00120140111224423361', '001', 'VQR140111224423122', '14638CC300B', '2014-01-11 15:44:23', '1'),
('VB00120140111224423547', '001', 'VQR140111224423120', '14638CC300C', '2014-01-11 15:44:23', '1'),
('VB00120140111224423740', '001', 'VQR140111224423119', '14638CC300D', '2014-01-11 15:44:23', '1'),
('VB00120140111224423777', '001', 'VQR140111224423121', '14638CC3009', '2014-01-11 15:44:23', '1'),
('VB00120140111224424373', '001', 'VQR140111224424123', '14638CC3017', '2014-01-11 15:44:24', '1'),
('VB00120140111224424469', '001', 'VQR140111224424124', '14638CC3018', '2014-01-11 15:44:24', '1'),
('VB00120140111224425334', '001', 'VQR140111224425128', '14638CC301E', '2014-01-11 15:44:25', '1'),
('VB00120140111224425721', '001', 'VQR140111224425130', '14638CC301D', '2014-01-11 15:44:25', '1'),
('VB00120140111224425828', '001', 'VQR140111224425127', '14638CC301F', '2014-01-11 15:44:25', '1'),
('VB00120140111224425979', '001', 'VQR140111224425129', '14638CC301B', '2014-01-11 15:44:25', '1'),
('VB00120140111224426256', '001', 'VQR140111224426131', '14638CC3028', '2014-01-11 15:44:26', '1'),
('VB00120140111224426832', '001', 'VQR140111224426132', '14638CC3027', '2014-01-11 15:44:26', '1'),
('VB00120140111224427225', '001', 'VQR140111224427136', '14638CC3036', '2014-01-11 15:44:27', '1'),
('VB00120140111224427445', '001', 'VQR140111224427137', '14638CC3032', '2014-01-11 15:44:27', '1'),
('VB00120140111224427590', '001', 'VQR140111224427134', '14638CC3034', '2014-01-11 15:44:27', '1'),
('VB00120140111224427710', '001', 'VQR140111224427135', '14638CC302F', '2014-01-11 15:44:27', '1'),
('VB00120140111224428812', '001', 'VQR140111224428138', '14638CC303A', '2014-01-11 15:44:28', '1'),
('VB00120140111224428979', '001', 'VQR140111224428139', '14638CC3040', '2014-01-11 15:44:28', '1'),
('VB00120140111224429474', '001', 'VQR140111224429143', '14638CC3044', '2014-01-11 15:44:29', '1'),
('VB00120140111224429821', '001', 'VQR140111224429141', '14638CC304B', '2014-01-11 15:44:29', '1'),
('VB00120140111224429947', '001', 'VQR140111224429142', '14638CC3046', '2014-01-11 15:44:29', '1'),
('VB00120140111224430241', '001', 'VQR140111224430145', '14638CC304E', '2014-01-11 15:44:30', '1'),
('VB00120140111224430501', '001', 'VQR140111224430147', '14638CC3052', '2014-01-11 15:44:30', '1'),
('VB00120140111224430550', '001', 'VQR140111224430144', '14638CC3050', '2014-01-11 15:44:30', '1'),
('VB00120140111224430819', '001', 'VQR140111224430146', '14638CC304F', '2014-01-11 15:44:30', '1'),
('VB00120140111224431376', '001', 'VQR140111224431149', '14638CC3059', '2014-01-11 15:44:31', '1'),
('VB00120140111224431601', '001', 'VQR140111224431150', '14638CC305C', '2014-01-11 15:44:31', '1'),
('VB00120140111224431615', '001', 'VQR140111224431148', '14638CC305D', '2014-01-11 15:44:31', '1'),
('VB00120140111224432478', '001', 'VQR140111224432154', '14638CC3061', '2014-01-11 15:44:32', '1'),
('VB00120140111224432543', '001', 'VQR140111224432152', '14638CC3069', '2014-01-11 15:44:32', '1'),
('VB00120140111224432768', '001', 'VQR140111224432151', '14638CC3068', '2014-01-11 15:44:32', '1'),
('VB00120140111224432842', '001', 'VQR140111224432153', '14638CC3065', '2014-01-11 15:44:32', '1'),
('VB00120140111224433404', '001', 'VQR140111224433158', '14638CC306D', '2014-01-11 15:44:33', '1'),
('VB00120140111224433559', '001', 'VQR140111224433156', '14638CC3073', '2014-01-11 15:44:33', '1'),
('VB00120140111224433608', '001', 'VQR140111224433157', '14638CC306F', '2014-01-11 15:44:33', '1'),
('VB00120140111224433823', '001', 'VQR140111224433155', '14638CC3071', '2014-01-11 15:44:33', '1'),
('VB00120140111224434250', '001', 'VQR140111224434161', '14638CC3075', '2014-01-11 15:44:34', '1'),
('VB00120140111224434255', '001', 'VQR140111224434159', '14638CC307A', '2014-01-11 15:44:34', '1'),
('VB00120140111224434804', '001', 'VQR140111224434160', '14638CC3079', '2014-01-11 15:44:34', '1'),
('VB00120140111224435132', '001', 'VQR140111224435163', '14638CC307F', '2014-01-11 15:44:35', '1'),
('VB00120140111224435634', '001', 'VQR140111224435164', '14638CC3084', '2014-01-11 15:44:35', '1'),
('VB00120140111224435682', '001', 'VQR140111224435165', '14638CC3080', '2014-01-11 15:44:35', '1'),
('VB00120140111224435686', '001', 'VQR140111224435162', '14638CC3087', '2014-01-11 15:44:35', '1'),
('VB00120140111224436143', '001', 'VQR140111224436167', '14638CC308D', '2014-01-11 15:44:36', '1'),
('VB00120140111224436452', '001', 'VQR140111224436168', '14638CC308C', '2014-01-11 15:44:36', '1'),
('VB00120140111224436753', '001', 'VQR140111224436166', '14638CC3090', '2014-01-11 15:44:36', '1'),
('VB00120140111224437185', '001', 'VQR140111224437172', '14638CC3095', '2014-01-11 15:44:37', '1'),
('VB00120140111224437301', '001', 'VQR140111224437169', '14638CC3093', '2014-01-11 15:44:37', '1'),
('VB00120140111224437378', '001', 'VQR140111224437171', '14638CC309B', '2014-01-11 15:44:37', '1'),
('VB00120140111224437888', '001', 'VQR140111224437170', '14638CC3097', '2014-01-11 15:44:37', '1'),
('VB00120140111224438449', '001', 'VQR140111224438175', '14638CC309F', '2014-01-11 15:44:38', '1'),
('VB00120140111224438506', '001', 'VQR140111224438173', '14638CC30A3', '2014-01-11 15:44:38', '1'),
('VB00120140111224438624', '001', 'VQR140111224438174', '14638CC309D', '2014-01-11 15:44:38', '1'),
('VB00120140111224439510', '001', 'VQR140111224439176', '14638CC30A8', '2014-01-11 15:44:39', '1'),
('VB00120140111224439521', '001', 'VQR140111224439178', '14638CC30AF', '2014-01-11 15:44:39', '1'),
('VB00120140111224439594', '001', 'VQR140111224439177', '14638CC30AB', '2014-01-11 15:44:39', '1'),
('VB00120140111224440248', '001', 'VQR140111224440182', '14638CC30B7', '2014-01-11 15:44:40', '1'),
('VB00120140111224440773', '001', 'VQR140111224440180', '14638CC30B3', '2014-01-11 15:44:40', '1'),
('VB00120140111224440825', '001', 'VQR140111224440181', '14638CC30B1', '2014-01-11 15:44:40', '1'),
('VB00120140111224441829', '001', 'VQR140111224441184', '14638CC30BF', '2014-01-11 15:44:41', '1'),
('VB00120140111224441876', '001', 'VQR140111224441185', '14638CC30C2', '2014-01-11 15:44:41', '1'),
('VB00120140111224441925', '001', 'VQR140111224441186', '14638CC30BD', '2014-01-11 15:44:41', '1'),
('VB00120140111224442447', '001', 'VQR140111224442188', '14638CC30C9', '2014-01-11 15:44:42', '1'),
('VB00120140111224442765', '001', 'VQR140111224442189', '14638CC30CB', '2014-01-11 15:44:42', '1'),
('VB00120140111224443622', '001', 'VQR140111224443191', '14638CC30CF', '2014-01-11 15:44:43', '1'),
('VB00120140111224443781', '001', 'VQR140111224443192', '14638CC30D5', '2014-01-11 15:44:43', '1'),
('VB00120140111224443823', '001', 'VQR140111224443193', '14638CC30D2', '2014-01-11 15:44:43', '1'),
('VB00120140111224444443', '001', 'VQR140111224444198', '14638CC30DC', '2014-01-11 15:44:44', '1'),
('VB00120140111224444482', '001', 'VQR140111224444196', '14638CC30E1', '2014-01-11 15:44:44', '1'),
('VB00120140111224444563', '001', 'VQR140111224444195', '14638CC30DE', '2014-01-11 15:44:44', '1'),
('VB00120140111224444880', '001', 'VQR140111224444197', '14638CC30DD', '2014-01-11 15:44:44', '1'),
('VB00120140111224445202', '001', 'VQR140111224445202', '14638CC30E5', '2014-01-11 15:44:45', '1'),
('VB00120140111224445429', '001', 'VQR140111224445199', '14638CC30E3', '2014-01-11 15:44:45', '1'),
('VB00120140111224445675', '001', 'VQR140111224445200', '14638CC30EB', '2014-01-11 15:44:45', '1'),
('VB00120140111224445939', '001', 'VQR140111224445201', '14638CC30E8', '2014-01-11 15:44:45', '1'),
('VB00120140111224446315', '001', 'VQR140111224446205', '14638CC30ED', '2014-01-11 15:44:46', '1'),
('VB00120140111224446434', '001', 'VQR140111224446203', '14638CC30F1', '2014-01-11 15:44:46', '1'),
('VB00120140111224446834', '001', 'VQR140111224446204', '14638CC30F4', '2014-01-11 15:44:46', '1'),
('VB00120140111224447242', '001', 'VQR140111224447209', '14638CC30FB', '2014-01-11 15:44:47', '1'),
('VB00120140111224447334', '001', 'VQR140111224447208', '14638CC30F8', '2014-01-11 15:44:47', '1'),
('VB00120140111224447890', '001', 'VQR140111224447206', '14638CC30FD', '2014-01-11 15:44:47', '1'),
('VB00120140111224447927', '001', 'VQR140111224447207', '14638CC30F9', '2014-01-11 15:44:47', '1'),
('VB00120140111224448289', '001', 'VQR140111224448211', '14638CC3102', '2014-01-11 15:44:48', '1'),
('VB00120140111224448810', '001', 'VQR140111224448212', '14638CC3109', '2014-01-11 15:44:48', '1'),
('VB00120140111224448910', '001', 'VQR140111224448210', '14638CC3108', '2014-01-11 15:44:48', '1'),
('VB00120140111224449424', '001', 'VQR140111224449214', '14638CC310D', '2014-01-11 15:44:49', '1'),
('VB00120140111224449573', '001', 'VQR140111224449216', '14638CC310B', '2014-01-11 15:44:49', '1'),
('VB00120140111224449626', '001', 'VQR140111224449217', '14638CC310C', '2014-01-11 15:44:49', '1'),
('VB00120140111224449727', '001', 'VQR140111224449215', '14638CC3112', '2014-01-11 15:44:49', '1'),
('VB00120140111224450754', '001', 'VQR140111224450218', '14638CC3118', '2014-01-11 15:44:50', '1'),
('VB00120140111224450881', '001', 'VQR140111224450219', '14638CC311D', '2014-01-11 15:44:50', '1'),
('VB00120140111224451103', '001', 'VQR140111224451224', '14638CC3123', '2014-01-11 15:44:51', '1'),
('VB00120140111224451486', '001', 'VQR140111224451221', '14638CC3125', '2014-01-11 15:44:51', '1'),
('VB00120140111224451681', '001', 'VQR140111224451222', '14638CC3121', '2014-01-11 15:44:51', '1'),
('VB00120140111224451785', '001', 'VQR140111224451223', '14638CC311F', '2014-01-11 15:44:51', '1'),
('VB00120140111224452318', '001', 'VQR140111224452226', '14638CC312E', '2014-01-11 15:44:52', '1'),
('VB00120140111224452498', '001', 'VQR140111224452225', '14638CC312A', '2014-01-11 15:44:52', '1'),
('VB00120140111224452649', '001', 'VQR140111224452227', '14638CC3130', '2014-01-11 15:44:52', '1'),
('VB00120140111224453323', '001', 'VQR140111224453230', '14638CC313A', '2014-01-11 15:44:53', '1'),
('VB00120140111224453620', '001', 'VQR140111224453228', '14638CC3139', '2014-01-11 15:44:53', '1'),
('VB00120140111224454445', '001', 'VQR140111224454231', '14638CC313F', '2014-01-11 15:44:54', '1'),
('VB00120140111224454792', '001', 'VQR140111224454232', '14638CC313D', '2014-01-11 15:44:54', '1'),
('VB00120140111224455427', '001', 'VQR140111224455238', '14638CC314E', '2014-01-11 15:44:55', '1'),
('VB00120140111224455606', '001', 'VQR140111224455237', '14638CC314C', '2014-01-11 15:44:55', '1'),
('VB00120140111224455609', '001', 'VQR140111224455236', '14638CC3148', '2014-01-11 15:44:55', '1'),
('VB00120140111224455733', '001', 'VQR140111224455235', '14638CC3147', '2014-01-11 15:44:55', '1'),
('VB00120140111224456117', '001', 'VQR140111224456242', '14638CC3157', '2014-01-11 15:44:56', '1'),
('VB00120140111224456276', '001', 'VQR140111224456241', '14638CC3158', '2014-01-11 15:44:56', '1'),
('VB00120140111224456294', '001', 'VQR140111224456239', '14638CC3159', '2014-01-11 15:44:56', '1'),
('VB00120140111224456474', '001', 'VQR140111224456240', '14638CC3152', '2014-01-11 15:44:56', '1'),
('VB00120140111224457557', '001', 'VQR140111224457243', '14638CC3160', '2014-01-11 15:44:57', '1'),
('VB00120140111224457637', '001', 'VQR140111224457244', '14638CC315E', '2014-01-11 15:44:57', '1'),
('VB00120140111224457864', '001', 'VQR140111224457245', '14638CC3162', '2014-01-11 15:44:57', '1'),
('VB00120140111224458101', '001', 'VQR140111224458246', '14638CC316C', '2014-01-11 15:44:58', '1'),
('VB00120140111224458131', '001', 'VQR140111224458247', '14638CC3168', '2014-01-11 15:44:58', '1'),
('VB00120140111224458654', '001', 'VQR140111224458249', '14638CC3165', '2014-01-11 15:44:58', '1'),
('VB00120140111224458872', '001', 'VQR140111224458248', '14638CC316B', '2014-01-11 15:44:58', '1'),
('VB00120140111224459164', '001', 'VQR140111224459250', '14638CC3174', '2014-01-11 15:44:59', '1'),
('VB00120140111224459204', '001', 'VQR140111224459253', '14638CC3175', '2014-01-11 15:44:59', '1'),
('VB00120140111224459291', '001', 'VQR140111224459251', '14638CC3172', '2014-01-11 15:44:59', '1'),
('VB00120140111224459837', '001', 'VQR140111224459252', '14638CC3176', '2014-01-11 15:44:59', '1'),
('VB00120140111224500183', '001', 'VQR140111224500256', '14638CC330E', '2014-01-11 15:45:00', '1'),
('VB00120140111224500299', '001', 'VQR140111224500255', '14638CC330D', '2014-01-11 15:45:00', '1'),
('VB00120140111224500599', '001', 'VQR140111224500254', '14638CC330F', '2014-01-11 15:45:00', '1'),
('VB00120140111224501284', '001', 'VQR140111224501260', '14638CC331B', '2014-01-11 15:45:01', '1'),
('VB00120140111224501475', '001', 'VQR140111224501259', '14638CC331A', '2014-01-11 15:45:01', '1'),
('VB00120140111224501496', '001', 'VQR140111224501257', '14638CC3316', '2014-01-11 15:45:01', '1'),
('VB00120140111224501839', '001', 'VQR140111224501258', '14638CC3314', '2014-01-11 15:45:01', '1'),
('VB00120140111224502333', '001', 'VQR140111224502261', '14638CC331F', '2014-01-11 15:45:02', '1'),
('VB00120140111224502361', '001', 'VQR140111224502262', '14638CC3325', '2014-01-11 15:45:02', '1'),
('VB00120140111224503429', '001', 'VQR140111224503264', '14638CC332D', '2014-01-11 15:45:03', '1'),
('VB00120140111224503758', '001', 'VQR140111224503266', '14638CC3328', '2014-01-11 15:45:03', '1'),
('VB00120140111224503765', '001', 'VQR140111224503267', '14638CC3329', '2014-01-11 15:45:03', '1'),
('VB00120140111224503966', '001', 'VQR140111224503265', '14638CC3327', '2014-01-11 15:45:03', '1'),
('VB00120140111224504333', '001', 'VQR140111224504269', '14638CC3336', '2014-01-11 15:45:04', '1'),
('VB00120140111224504623', '001', 'VQR140111224504268', '14638CC3335', '2014-01-11 15:45:04', '1'),
('VB00120140111224504765', '001', 'VQR140111224504271', '14638CC3337', '2014-01-11 15:45:04', '1'),
('VB00120140111224504825', '001', 'VQR140111224504270', '14638CC3338', '2014-01-11 15:45:04', '1'),
('VB00120140111224505297', '001', 'VQR140111224505273', '14638CC3342', '2014-01-11 15:45:05', '1'),
('VB00120140111224505389', '001', 'VQR140111224505272', '14638CC333C', '2014-01-11 15:45:05', '1'),
('VB00120140111224505689', '001', 'VQR140111224505274', '14638CC333E', '2014-01-11 15:45:05', '1'),
('VB00120140111224506421', '001', 'VQR140111224506277', '14638CC334A', '2014-01-11 15:45:06', '1'),
('VB00120140111224506448', '001', 'VQR140111224506275', '14638CC3345', '2014-01-11 15:45:06', '1'),
('VB00120140111224506817', '001', 'VQR140111224506276', '14638CC334C', '2014-01-11 15:45:06', '1'),
('VB00120140111224507135', '001', 'VQR140111224507281', '14638CC3356', '2014-01-11 15:45:07', '1'),
('VB00120140111224507144', '001', 'VQR140111224507279', '14638CC3350', '2014-01-11 15:45:07', '1'),
('VB00120140111224507419', '001', 'VQR140111224507280', '14638CC3355', '2014-01-11 15:45:07', '1'),
('VB00120140111224507856', '001', 'VQR140111224507278', '14638CC334F', '2014-01-11 15:45:07', '1'),
('VB00120140111224508158', '001', 'VQR140111224508283', '14638CC335C', '2014-01-11 15:45:08', '1'),
('VB00120140111224508300', '001', 'VQR140111224508285', '14638CC3360', '2014-01-11 15:45:08', '1'),
('VB00120140111224508663', '001', 'VQR140111224508282', '14638CC335A', '2014-01-11 15:45:08', '1'),
('VB00120140111224509136', '001', 'VQR140111224509286', '14638CC3369', '2014-01-11 15:45:09', '1'),
('VB00120140111224509481', '001', 'VQR140111224509288', '14638CC3367', '2014-01-11 15:45:09', '1'),
('VB00120140111224509582', '001', 'VQR140111224509287', '14638CC3364', '2014-01-11 15:45:09', '1'),
('VB00120140111224510330', '001', 'VQR140111224510290', '14638CC3373', '2014-01-11 15:45:10', '1'),
('VB00120140111224510593', '001', 'VQR140111224510289', '14638CC3374', '2014-01-11 15:45:10', '1'),
('VB00120140111224510871', '001', 'VQR140111224510291', '14638CC336F', '2014-01-11 15:45:10', '1'),
('VB00120140111224511193', '001', 'VQR140111224511295', '14638CC3377', '2014-01-11 15:45:11', '1'),
('VB00120140111224511648', '001', 'VQR140111224511294', '14638CC337D', '2014-01-11 15:45:11', '1'),
('VB00120140111224511980', '001', 'VQR140111224511293', '14638CC3379', '2014-01-11 15:45:11', '1'),
('VB00120140111224512381', '001', 'VQR140111224512297', '14638CC3384', '2014-01-11 15:45:12', '1'),
('VB00120140111224512666', '001', 'VQR140111224512296', '14638CC3387', '2014-01-11 15:45:12', '1'),
('VB00120140111224512757', '001', 'VQR140111224512298', '14638CC3385', '2014-01-11 15:45:12', '1'),
('VB00120140111224513228', '001', 'VQR140111224513301', '14638CC3390', '2014-01-11 15:45:13', '1'),
('VB00120140111224513745', '001', 'VQR140111224513299', '14638CC338F', '2014-01-11 15:45:13', '1'),
('VB00120140111224513845', '001', 'VQR140111224513300', '14638CC338E', '2014-01-11 15:45:13', '1'),
('VB00120140111224514225', '001', 'VQR140111224514305', '14638CC3399', '2014-01-11 15:45:14', '1'),
('VB00120140111224514739', '001', 'VQR140111224514303', '14638CC3398', '2014-01-11 15:45:14', '1'),
('VB00120140111224514917', '001', 'VQR140111224514304', '14638CC339B', '2014-01-11 15:45:14', '1'),
('VB00120140111224515171', '001', 'VQR140111224515310', '14638CC33A3', '2014-01-11 15:45:15', '1'),
('VB00120140111224515791', '001', 'VQR140111224515307', '14638CC33A1', '2014-01-11 15:45:15', '1'),
('VB00120140111224516117', '001', 'VQR140111224516312', '14638CC33B1', '2014-01-11 15:45:16', '1'),
('VB00120140111224516733', '001', 'VQR140111224516311', '14638CC33AF', '2014-01-11 15:45:16', '1'),
('VB00120140111224516926', '001', 'VQR140111224516313', '14638CC33AA', '2014-01-11 15:45:16', '1'),
('VB00120140111224517465', '001', 'VQR140111224517315', '14638CC33B6', '2014-01-11 15:45:17', '1'),
('VB00120140111224517475', '001', 'VQR140111224517316', '14638CC33B3', '2014-01-11 15:45:17', '1'),
('VB00120140111224517892', '001', 'VQR140111224517314', '14638CC33B9', '2014-01-11 15:45:17', '1'),
('VB00120140111224518582', '001', 'VQR140111224518321', '14638CC33C3', '2014-01-11 15:45:18', '1'),
('VB00120140111224518884', '001', 'VQR140111224518320', '14638CC33C2', '2014-01-11 15:45:18', '1'),
('VB00120140111224518962', '001', 'VQR140111224518318', '14638CC33BE', '2014-01-11 15:45:18', '1'),
('VB00120140111224519350', '001', 'VQR140111224519322', '14638CC33CA', '2014-01-11 15:45:19', '1'),
('VB00120140111224519427', '001', 'VQR140111224519323', '14638CC33C7', '2014-01-11 15:45:19', '1'),
('VB00120140111224519443', '001', 'VQR140111224519325', '14638CC33CF', '2014-01-11 15:45:19', '1'),
('VB00120140111224519594', '001', 'VQR140111224519324', '14638CC33CC', '2014-01-11 15:45:19', '1'),
('VB00120140111224520434', '001', 'VQR140111224520328', '14638CC33D6', '2014-01-11 15:45:20', '1'),
('VB00120140111224520453', '001', 'VQR140111224520326', '14638CC33D9', '2014-01-11 15:45:20', '1'),
('VB00120140111224521142', '001', 'VQR140111224521330', '14638CC33DB', '2014-01-11 15:45:21', '1'),
('VB00120140111224521465', '001', 'VQR140111224521329', '14638CC33DC', '2014-01-11 15:45:21', '1'),
('VB00120140111224521641', '001', 'VQR140111224521331', '14638CC33DD', '2014-01-11 15:45:21', '1'),
('VB00120140111224522122', '001', 'VQR140111224522335', '14638CC33ED', '2014-01-11 15:45:22', '1'),
('VB00120140111224522687', '001', 'VQR140111224522334', '14638CC33E9', '2014-01-11 15:45:22', '1'),
('VB00120140111224522737', '001', 'VQR140111224522332', '14638CC33E6', '2014-01-11 15:45:22', '1'),
('VB00120140111224522956', '001', 'VQR140111224522333', '14638CC33EA', '2014-01-11 15:45:22', '1'),
('VB00120140111224523207', '001', 'VQR140111224523336', '14638CC33F1', '2014-01-11 15:45:23', '1'),
('VB00120140111224523839', '001', 'VQR140111224523338', '14638CC33EF', '2014-01-11 15:45:23', '1'),
('VB00120140111224523979', '001', 'VQR140111224523337', '14638CC33F5', '2014-01-11 15:45:23', '1'),
('VB00120140111224524140', '001', 'VQR140111224524341', '14638CC33FD', '2014-01-11 15:45:24', '1'),
('VB00120140111224524318', '001', 'VQR140111224524340', '14638CC33FB', '2014-01-11 15:45:24', '1'),
('VB00120140111224524748', '001', 'VQR140111224524339', '14638CC3401', '2014-01-11 15:45:24', '1'),
('VB00120140111224525345', '001', 'VQR140111224525344', '14638CC340B', '2014-01-11 15:45:25', '1'),
('VB00120140111224525778', '001', 'VQR140111224525346', '14638CC3403', '2014-01-11 15:45:25', '1'),
('VB00120140111224525808', '001', 'VQR140111224525343', '14638CC340A', '2014-01-11 15:45:25', '1'),
('VB00120140111224526920', '001', 'VQR140111224526348', '14638CC340E', '2014-01-11 15:45:26', '1'),
('VB00120140111224526957', '001', 'VQR140111224526347', '14638CC3412', '2014-01-11 15:45:26', '1'),
('VB00120140111224526997', '001', 'VQR140111224526349', '14638CC3410', '2014-01-11 15:45:26', '1'),
('VB00120140111224527549', '001', 'VQR140111224527353', '14638CC341D', '2014-01-11 15:45:27', '1'),
('VB00120140111224527751', '001', 'VQR140111224527350', '14638CC3417', '2014-01-11 15:45:27', '1'),
('VB00120140111224527954', '001', 'VQR140111224527352', '14638CC341A', '2014-01-11 15:45:27', '1'),
('VB00120140111224528369', '001', 'VQR140111224528356', '14638CC3422', '2014-01-11 15:45:28', '1'),
('VB00120140111224528630', '001', 'VQR140111224528355', '14638CC3423', '2014-01-11 15:45:28', '1'),
('VB00120140111224528677', '001', 'VQR140111224528354', '14638CC3424', '2014-01-11 15:45:28', '1'),
('VB00120140111224528827', '001', 'VQR140111224528357', '14638CC3427', '2014-01-11 15:45:28', '1'),
('VB00120140111224529198', '001', 'VQR140111224529360', '14638CC342E', '2014-01-11 15:45:29', '1'),
('VB00120140111224529555', '001', 'VQR140111224529358', '14638CC3431', '2014-01-11 15:45:29', '1'),
('VB00120140111224529897', '001', 'VQR140111224529359', '14638CC342D', '2014-01-11 15:45:29', '1'),
('VB00120140111224530137', '001', 'VQR140111224530362', '14638CC3437', '2014-01-11 15:45:30', '1'),
('VB00120140111224530741', '001', 'VQR140111224530361', '14638CC343D', '2014-01-11 15:45:30', '1'),
('VB00120140111224530792', '001', 'VQR140111224530364', '14638CC343C', '2014-01-11 15:45:30', '1'),
('VB00120140111224531582', '001', 'VQR140111224531367', '14638CC3447', '2014-01-11 15:45:31', '1'),
('VB00120140111224531718', '001', 'VQR140111224531368', '14638CC343F', '2014-01-11 15:45:31', '1'),
('VB00120140111224531980', '001', 'VQR140111224531365', '14638CC3441', '2014-01-11 15:45:31', '1'),
('VB00120140111224532221', '001', 'VQR140111224532370', '14638CC3450', '2014-01-11 15:45:32', '1'),
('VB00120140111224532242', '001', 'VQR140111224532371', '14638CC3449', '2014-01-11 15:45:32', '1'),
('VB00120140111224532919', '001', 'VQR140111224532369', '14638CC344C', '2014-01-11 15:45:32', '1'),
('VB00120140111224533373', '001', 'VQR140111224533373', '14638CC345B', '2014-01-11 15:45:33', '1'),
('VB00120140111224533411', '001', 'VQR140111224533374', '14638CC3456', '2014-01-11 15:45:33', '1'),
('VB00120140111224533615', '001', 'VQR140111224533372', '14638CC3458', '2014-01-11 15:45:33', '1'),
('VB00120140111224533996', '001', 'VQR140111224533375', '14638CC3453', '2014-01-11 15:45:33', '1'),
('VB00120140111224534117', '001', 'VQR140111224534376', '14638CC345F', '2014-01-11 15:45:34', '1'),
('VB00120140111224534420', '001', 'VQR140111224534379', '14638CC3460', '2014-01-11 15:45:34', '1'),
('VB00120140111224534969', '001', 'VQR140111224534378', '14638CC3462', '2014-01-11 15:45:34', '1'),
('VB00120140111224535316', '001', 'VQR140111224535382', '14638CC3467', '2014-01-11 15:45:35', '1'),
('VB00120140111224535887', '001', 'VQR140111224535381', '14638CC346E', '2014-01-11 15:45:35', '1'),
('VB00120140111224535976', '001', 'VQR140111224535380', '14638CC346D', '2014-01-11 15:45:35', '1'),
('VB00120140111224536292', '001', 'VQR140111224536383', '14638CC3479', '2014-01-11 15:45:36', '1'),
('VB00120140111224536456', '001', 'VQR140111224536384', '14638CC3474', '2014-01-11 15:45:36', '1'),
('VB00120140111224536624', '001', 'VQR140111224536385', '14638CC3471', '2014-01-11 15:45:36', '1'),
('VB00120140111224536886', '001', 'VQR140111224536386', '14638CC3476', '2014-01-11 15:45:36', '1'),
('VB00120140111224537241', '001', 'VQR140111224537388', '14638CC347E', '2014-01-11 15:45:37', '1'),
('VB00120140111224537653', '001', 'VQR140111224537387', '14638CC347C', '2014-01-11 15:45:37', '1'),
('VB00120140111224537924', '001', 'VQR140111224537390', '14638CC347B', '2014-01-11 15:45:37', '1'),
('VB00120140111224538544', '001', 'VQR140111224538392', '14638CC348D', '2014-01-11 15:45:38', '1'),
('VB00120140111224538887', '001', 'VQR140111224538393', '14638CC3488', '2014-01-11 15:45:38', '1'),
('VB00120140111224538943', '001', 'VQR140111224538391', '14638CC3489', '2014-01-11 15:45:38', '1'),
('VB00120140111224539507', '001', 'VQR140111224539394', '14638CC3491', '2014-01-11 15:45:39', '1'),
('VB00120140111224539976', '001', 'VQR140111224539395', '14638CC3490', '2014-01-11 15:45:39', '1'),
('VB00120140111224540312', '001', 'VQR140111224540400', '14638CC349D', '2014-01-11 15:45:40', '1'),
('VB00120140111224540313', '001', 'VQR140111224540399', '14638CC349F', '2014-01-11 15:45:40', '1'),
('VB00120140111224540630', '001', 'VQR140111224540398', '14638CC34A1', '2014-01-11 15:45:40', '1');

CREATE TABLE IF NOT EXISTS `bag_type` (
  `bag_type_id` char(3) NOT NULL,
  `gender` enum('M','F') NOT NULL COMMENT 'M = male, F = female',
  `type` enum('F','L','H') NOT NULL COMMENT 'F = fashion, L = lipat, H = heavy duty',
  PRIMARY KEY (`bag_type_id`),
  UNIQUE KEY `gender` (`gender`,`type`)
) ENGINE=InnoDB DEFAULT CHARSET=latin1;

INSERT INTO `bag_type` (`bag_type_id`, `gender`, `type`) VALUES
('001', 'F', 'F'),
('002', 'F', 'L');

CREATE TABLE IF NOT EXISTS `friends` (
  `member_id` char(30) NOT NULL,
  `friend_id` char(30) NOT NULL,
  UNIQUE KEY `member_id` (`member_id`,`friend_id`)
) ENGINE=InnoDB DEFAULT CHARSET=latin1;

CREATE TABLE IF NOT EXISTS `kabkota` (
  `id_kabkota` smallint(5) unsigned NOT NULL AUTO_INCREMENT,
  `id_provinsi` tinyint(3) unsigned NOT NULL,
  `nama` varchar(50) NOT NULL,
  `tipe` varchar(22) DEFAULT NULL,
  PRIMARY KEY (`id_kabkota`),
  KEY `idx_provinsi` (`id_provinsi`)
) ENGINE=MyISAM  DEFAULT CHARSET=latin1 AUTO_INCREMENT=509 ;

INSERT INTO `kabkota` (`id_kabkota`, `id_provinsi`, `nama`, `tipe`) VALUES
(1, 1, 'Aceh Barat ', 'Kabupaten'),
(2, 1, 'Aceh Barat Daya ', 'Kabupaten'),
(3, 1, 'Aceh Besar ', 'Kabupaten'),
(4, 1, 'Aceh Jaya ', 'Kabupaten'),
(5, 1, 'Aceh Selatan ', 'Kabupaten'),
(6, 1, 'Aceh Singkil ', 'Kabupaten'),
(7, 1, 'Aceh Tamiang ', 'Kabupaten'),
(8, 1, 'Aceh Tengah ', 'Kabupaten'),
(9, 1, 'Aceh Tenggara ', 'Kabupaten'),
(10, 1, 'Aceh Timur ', 'Kabupaten'),
(11, 1, 'Aceh Utara ', 'Kabupaten'),
(12, 1, 'Bener Meriah ', 'Kabupaten'),
(13, 1, 'Bireuen ', 'Kabupaten'),
(14, 1, 'Gayo Lues ', 'Kabupaten'),
(15, 1, 'Nagan Raya ', 'Kabupaten'),
(16, 1, 'Pidie ', 'Kabupaten'),
(17, 1, 'Pidie Jaya ', 'Kabupaten'),
(18, 1, 'Simeulue ', 'Kabupaten'),
(19, 1, 'Banda Aceh ', 'Kota'),
(20, 1, 'Langsa ', 'Kota'),
(21, 1, 'Lhokseumawe ', 'Kota'),
(22, 1, 'Sabang ', 'Kota'),
(23, 1, 'Subulussalam ', 'Kota'),
(24, 2, 'Asahan ', 'Kabupaten'),
(25, 2, 'Batubara ', 'Kabupaten'),
(26, 2, 'Dairi ', 'Kabupaten'),
(27, 2, 'Deli Serdang ', 'Kabupaten'),
(28, 2, 'Humbang Hasundutan ', 'Kabupaten'),
(29, 2, 'Karo ', 'Kabupaten'),
(30, 2, 'Labuhanbatu ', 'Kabupaten'),
(31, 2, 'Labuhanbatu Selatan ', 'Kabupaten'),
(32, 2, 'Labuhanbatu Utara ', 'Kabupaten'),
(33, 2, 'Langkat ', 'Kabupaten'),
(34, 2, 'Mandailing Natal ', 'Kabupaten'),
(35, 2, 'Nias ', 'Kabupaten'),
(36, 2, 'Nias Barat ', 'Kabupaten'),
(37, 2, 'Nias Selatan ', 'Kabupaten'),
(38, 2, 'Nias Utara ', 'Kabupaten'),
(39, 2, 'Padang Lawas ', 'Kabupaten'),
(40, 2, 'Padang Lawas Utara ', 'Kabupaten'),
(41, 2, 'Pakpak Bharat ', 'Kabupaten'),
(42, 2, 'Samosir ', 'Kabupaten'),
(43, 2, 'Serdang Bedagai ', 'Kabupaten'),
(44, 2, 'Simalungun ', 'Kabupaten'),
(45, 2, 'Tapanuli Selatan ', 'Kabupaten'),
(46, 2, 'Tapanuli Tengah ', 'Kabupaten'),
(47, 2, 'Tapanuli Utara ', 'Kabupaten'),
(48, 2, 'Toba Samosir ', 'Kabupaten'),
(49, 2, 'Binjai ', 'Kota'),
(50, 2, 'Gunungsitoli ', 'Kota'),
(51, 2, 'Medan ', 'Kota'),
(52, 2, 'Padang Sidempuan ', 'Kota'),
(53, 2, 'Pematangsiantar ', 'Kota'),
(54, 2, 'Sibolga ', 'Kota'),
(55, 2, 'Tanjungbalai ', 'Kota'),
(56, 2, 'Tebing Tinggi ', 'Kota'),
(57, 3, 'Agam ', 'Kabupaten'),
(58, 3, 'Dharmasraya ', 'Kabupaten'),
(59, 3, 'Kepulauan Mentawai ', 'Kabupaten'),
(60, 3, 'Lima Puluh Kota ', 'Kabupaten'),
(61, 3, 'Padang Pariaman ', 'Kabupaten'),
(62, 3, 'Pasaman ', 'Kabupaten'),
(63, 3, 'Pasaman Barat ', 'Kabupaten'),
(64, 3, 'Pesisir Selatan ', 'Kabupaten'),
(65, 3, 'Sijunjung ', 'Kabupaten'),
(66, 3, 'Solok ', 'Kabupaten'),
(67, 3, 'Solok Selatan ', 'Kabupaten'),
(68, 3, 'Tanah Datar ', 'Kabupaten'),
(69, 3, 'Bukittinggi ', 'Kota'),
(70, 3, 'Padang ', 'Kota'),
(71, 3, 'Padang Panjang ', 'Kota'),
(72, 3, 'Pariaman ', 'Kota'),
(73, 3, 'Payakumbuh ', 'Kota'),
(74, 3, 'Sawahlunto ', 'Kota'),
(75, 3, 'Solok ', 'Kota'),
(76, 4, 'Bengkalis ', 'Kabupaten'),
(77, 4, 'Indragiri Hilir ', 'Kabupaten'),
(78, 4, 'Indragiri Hulu ', 'Kabupaten'),
(79, 4, 'Kampar ', 'Kabupaten'),
(80, 4, 'Kuantan Singingi ', 'Kabupaten'),
(81, 4, 'Pelalawan ', 'Kabupaten'),
(82, 4, 'Rokan Hilir ', 'Kabupaten'),
(83, 4, 'Rokan Hulu ', 'Kabupaten'),
(84, 4, 'Siak ', 'Kabupaten'),
(85, 4, 'Kepulauan Meranti ', 'Kabupaten'),
(86, 4, 'Dumai ', 'Kota'),
(87, 4, 'Pekanbaru ', 'Kota'),
(88, 5, 'Bintan ', 'Kabupaten'),
(89, 5, 'Karimun ', 'Kabupaten'),
(90, 5, 'Kepulauan Anambas ', 'Kabupaten'),
(91, 5, 'Lingga ', 'Kabupaten'),
(92, 5, 'Natuna ', 'Kabupaten'),
(93, 5, 'Batam ', 'Kota'),
(94, 5, 'Tanjung Pinang ', 'Kota'),
(95, 6, 'Batanghari ', 'Kabupaten'),
(96, 6, 'Bungo ', 'Kabupaten'),
(97, 6, 'Kerinci ', 'Kabupaten'),
(98, 6, 'Merangin ', 'Kabupaten'),
(99, 6, 'Muaro Jambi ', 'Kabupaten'),
(100, 6, 'Sarolangun ', 'Kabupaten'),
(101, 6, 'Tanjung Jabung Barat ', 'Kabupaten'),
(102, 6, 'Tanjung Jabung Timur ', 'Kabupaten'),
(103, 6, 'Tebo ', 'Kabupaten'),
(104, 6, 'Jambi ', 'Kota'),
(105, 6, 'Sungai Penuh ', 'Kota'),
(106, 7, 'Bengkulu Selatan ', 'Kabupaten'),
(107, 7, 'Bengkulu Tengah ', 'Kabupaten'),
(108, 7, 'Bengkulu Utara ', 'Kabupaten'),
(109, 7, 'Kaur ', 'Kabupaten'),
(110, 7, 'Kepahiang ', 'Kabupaten'),
(111, 7, 'Lebong ', 'Kabupaten'),
(112, 7, 'Mukomuko ', 'Kabupaten'),
(113, 7, 'Rejang Lebong ', 'Kabupaten'),
(114, 7, 'Seluma ', 'Kabupaten'),
(115, 7, 'Bengkulu ', 'Kota'),
(116, 8, 'Banyuasin ', 'Kabupaten'),
(117, 8, 'Empat Lawang ', 'Kabupaten'),
(118, 8, 'Lahat ', 'Kabupaten'),
(119, 8, 'Muara Enim ', 'Kabupaten'),
(120, 8, 'Musi Banyuasin ', 'Kabupaten'),
(121, 8, 'Musi Rawas ', 'Kabupaten'),
(122, 8, 'Ogan Ilir ', 'Kabupaten'),
(123, 8, 'Ogan Komering Ilir ', 'Kabupaten'),
(124, 8, 'Ogan Komering Ulu ', 'Kabupaten'),
(125, 8, 'Ogan Komering Ulu Selatan ', 'Kabupaten'),
(126, 8, 'Ogan Komering Ulu Timur ', 'Kabupaten'),
(127, 8, 'Lubuklinggau ', 'Kota'),
(128, 8, 'Pagar Alam ', 'Kota'),
(129, 8, 'Palembang ', 'Kota'),
(130, 8, 'Prabumulih ', 'Kota'),
(131, 8, 'Penukal Abab Lematang Ilir ', 'Kabupaten'),
(132, 9, 'Bangka ', 'Kabupaten'),
(133, 9, 'Bangka Barat ', 'Kabupaten'),
(134, 9, 'Bangka Selatan ', 'Kabupaten'),
(135, 9, 'Bangka Tengah ', 'Kabupaten'),
(136, 9, 'Belitung ', 'Kabupaten'),
(137, 9, 'Belitung Timur ', 'Kabupaten'),
(138, 9, 'Pangkal Pinang ', 'Kota'),
(139, 10, 'Lampung Tengah ', 'Kabupaten'),
(140, 10, 'Lampung Utara ', 'Kabupaten'),
(141, 10, 'Lampung Selatan ', 'Kabupaten'),
(142, 10, 'Lampung Barat ', 'Kabupaten'),
(143, 10, 'Tulang Bawang ', 'Kabupaten'),
(144, 10, 'Tanggamus ', 'Kabupaten'),
(145, 10, 'Way Kanan ', 'Kabupaten'),
(146, 10, 'Lampung Timur ', 'Kabupaten'),
(147, 10, 'Pesawaran ', 'Kabupaten'),
(148, 10, 'Pringsewu ', 'Kabupaten'),
(149, 10, 'Mesuji ', 'Kabupaten'),
(150, 10, 'Tulang Bawang Barat ', 'Kabupaten'),
(151, 10, 'Pesisir Barat ', 'Kabupaten'),
(152, 10, 'Bandar Lampung ', 'Kota'),
(153, 10, 'Metro ', 'Kota'),
(154, 11, 'Tangerang ', 'Kabupaten'),
(155, 11, 'Serang ', 'Kabupaten'),
(156, 11, 'Lebak ', 'Kabupaten'),
(157, 11, 'Pandeglang ', 'Kabupaten'),
(158, 11, 'Tangerang ', 'Kota'),
(159, 11, 'Serang ', 'Kota'),
(160, 11, 'Cilegon ', 'Kota'),
(161, 11, 'Tangerang Selatan ', 'Kota'),
(162, 12, 'Bandung ', 'Kabupaten'),
(163, 12, 'Bandung Barat ', 'Kabupaten'),
(164, 12, 'Bekasi ', 'Kabupaten'),
(165, 12, 'Bogor ', 'Kabupaten'),
(166, 12, 'Ciamis ', 'Kabupaten'),
(167, 12, 'Cianjur ', 'Kabupaten'),
(168, 12, 'Cirebon ', 'Kabupaten'),
(169, 12, 'Garut ', 'Kabupaten'),
(170, 12, 'Indramayu ', 'Kabupaten'),
(171, 12, 'Karawang ', 'Kabupaten'),
(172, 12, 'Kuningan ', 'Kabupaten'),
(173, 12, 'Majalengka ', 'Kabupaten'),
(174, 12, 'Pangandaran ', 'Kabupaten'),
(175, 12, 'Purwakarta ', 'Kabupaten'),
(176, 12, 'Subang ', 'Kabupaten'),
(177, 12, 'Sukabumi ', 'Kabupaten'),
(178, 12, 'Sumedang ', 'Kabupaten'),
(179, 12, 'Tasikmalaya ', 'Kabupaten'),
(180, 12, 'Bandung ', 'Kota'),
(181, 12, 'Banjar ', 'Kota'),
(182, 12, 'Bekasi ', 'Kota'),
(183, 12, 'Bogor ', 'Kota'),
(184, 12, 'Cimahi ', 'Kota'),
(185, 12, 'Cirebon ', 'Kota'),
(186, 12, 'Depok ', 'Kota'),
(187, 12, 'Sukabumi ', 'Kota'),
(188, 12, 'Tasikmalaya ', 'Kota'),
(189, 13, 'Kepulauan Seribu ', 'Kabupaten Administrasi'),
(190, 13, 'Jakarta Barat ', 'Kota Administrasi'),
(191, 13, 'Jakarta Pusat ', 'Kota Administrasi'),
(192, 13, 'Jakarta Selatan ', 'Kota Administrasi'),
(193, 13, 'Jakarta Timur ', 'Kota Administrasi'),
(194, 13, 'Jakarta Utara ', 'Kota Administrasi'),
(195, 14, 'Banjarnegara ', 'Kabupaten'),
(196, 14, 'Banyumas ', 'Kabupaten'),
(197, 14, 'Batang ', 'Kabupaten'),
(198, 14, 'Blora ', 'Kabupaten'),
(199, 14, 'Boyolali ', 'Kabupaten'),
(200, 14, 'Brebes ', 'Kabupaten'),
(201, 14, 'Cilacap ', 'Kabupaten'),
(202, 14, 'Demak ', 'Kabupaten'),
(203, 14, 'Grobogan ', 'Kabupaten'),
(204, 14, 'Jepara ', 'Kota'),
(205, 14, 'Karanganyar ', 'Kabupaten'),
(206, 14, 'Kebumen ', 'Kabupaten'),
(207, 14, 'Kendal ', 'Kabupaten'),
(208, 14, 'Klaten ', 'Kabupaten'),
(209, 14, 'Kudus ', 'Kabupaten'),
(210, 14, 'Magelang ', 'Kabupaten'),
(211, 14, 'Pati ', 'Kabupaten'),
(212, 14, 'Pekalongan ', 'Kabupaten'),
(213, 14, 'Pemalang ', 'Kabupaten'),
(214, 14, 'Purbalingga ', 'Kabupaten'),
(215, 14, 'Purworejo ', 'Kabupaten'),
(216, 14, 'Rembang ', 'Kabupaten'),
(217, 14, 'Semarang ', 'Kabupaten'),
(218, 14, 'Sragen ', 'Kabupaten'),
(219, 14, 'Sukoharjo ', 'Kabupaten'),
(220, 14, 'Tegal ', 'Kabupaten'),
(221, 14, 'Temanggung ', 'Kabupaten'),
(222, 14, 'Wonogiri ', 'Kabupaten'),
(223, 14, 'Wonosobo ', 'Kabupaten'),
(224, 14, 'Magelang ', 'Kota'),
(225, 14, 'Pekalongan ', 'Kota'),
(226, 14, 'Salatiga ', 'Kota'),
(227, 14, 'Semarang ', 'Kota'),
(228, 14, 'Surakarta ', 'Kota'),
(229, 14, 'Tegal ', 'Kota'),
(230, 15, 'Bangkalan ', 'Kabupaten'),
(231, 15, 'Banyuwangi ', 'Kabupaten'),
(232, 15, 'Blitar ', 'Kabupaten'),
(233, 15, 'Bojonegoro ', 'Kabupaten'),
(234, 15, 'Bondowoso ', 'Kabupaten'),
(235, 15, 'Gresik ', 'Kabupaten'),
(236, 15, 'Jember ', 'Kabupaten'),
(237, 15, 'Jombang ', 'Kabupaten'),
(238, 15, 'Kediri ', 'Kabupaten'),
(239, 15, 'Lamongan ', 'Kabupaten'),
(240, 15, 'Lumajang ', 'Kabupaten'),
(241, 15, 'Madiun ', 'Kabupaten'),
(242, 15, 'Magetan ', 'Kabupaten'),
(243, 15, 'Malang ', 'Kabupaten'),
(244, 15, 'Mojokerto ', 'Kabupaten'),
(245, 15, 'Nganjuk ', 'Kabupaten'),
(246, 15, 'Ngawi ', 'Kabupaten'),
(247, 15, 'Pacitan ', 'Kabupaten'),
(248, 15, 'Pamekasan ', 'Kabupaten'),
(249, 15, 'Pasuruan ', 'Kabupaten'),
(250, 15, 'Ponorogo ', 'Kabupaten'),
(251, 15, 'Probolinggo ', 'Kabupaten'),
(252, 15, 'Sampang ', 'Kabupaten'),
(253, 15, 'Sidoarjo ', 'Kabupaten'),
(254, 15, 'Situbondo ', 'Kabupaten'),
(255, 15, 'Sumenep ', 'Kabupaten'),
(256, 15, 'Trenggalek ', 'Kabupaten'),
(257, 15, 'Tuban ', 'Kabupaten'),
(258, 15, 'Tulungagung ', 'Kabupaten'),
(259, 15, 'Batu ', 'Kota'),
(260, 15, 'Blitar ', 'Kota'),
(261, 15, 'Kediri ', 'Kota'),
(262, 15, 'Madiun ', 'Kota'),
(263, 15, 'Malang ', 'Kota'),
(264, 15, 'Mojokerto ', 'Kota'),
(265, 15, 'Pasuruan ', 'Kota'),
(266, 15, 'Probolinggo ', 'Kota'),
(267, 15, 'Surabaya ', 'Kota'),
(268, 16, 'Bantul ', 'Kabupaten'),
(269, 16, 'Gunung Kidul ', 'Kabupaten'),
(270, 16, 'Kulon Progo ', 'Kabupaten'),
(271, 16, 'Sleman ', 'Kabupaten'),
(272, 16, 'Yogyakarta ', 'Kota'),
(273, 17, 'Badung ', 'Kabupaten'),
(274, 17, 'Bangli ', 'Kabupaten'),
(275, 17, 'Buleleng ', 'Kabupaten'),
(276, 17, 'Gianyar ', 'Kabupaten'),
(277, 17, 'Jembrana ', 'Kabupaten'),
(278, 17, 'Karangasem ', 'Kabupaten'),
(279, 17, 'Klungkung ', 'Kabupaten'),
(280, 17, 'Tabanan ', 'Kabupaten'),
(281, 17, 'Denpasar ', 'Kota'),
(282, 18, 'Bima ', 'Kabupaten'),
(283, 18, 'Dompu ', 'Kabupaten'),
(284, 18, 'Lombok Barat ', 'Kabupaten'),
(285, 18, 'Lombok Tengah ', 'Kabupaten'),
(286, 18, 'Lombok Timur ', 'Kabupaten'),
(287, 18, 'Lombok Utara ', 'Kabupaten'),
(288, 18, 'Sumbawa ', 'Kabupaten'),
(289, 18, 'Sumbawa Barat ', 'Kabupaten'),
(290, 18, 'Bima ', 'Kota'),
(291, 18, 'Mataram ', 'Kota'),
(292, 19, 'Alor ', 'Kabupaten'),
(293, 19, 'Belu ', 'Kabupaten'),
(294, 19, 'Ende ', 'Kabupaten'),
(295, 19, 'Flores Timur ', 'Kabupaten'),
(296, 19, 'Kupang ', 'Kabupaten'),
(297, 19, 'Lembata ', 'Kabupaten'),
(298, 19, 'Manggarai ', 'Kabupaten'),
(299, 19, 'Manggarai Barat ', 'Kabupaten'),
(300, 19, 'Manggarai Timur ', 'Kabupaten'),
(301, 19, 'Ngada ', 'Kabupaten'),
(302, 19, 'Nagekeo ', 'Kabupaten'),
(303, 19, 'Rote Ndao ', 'Kabupaten'),
(304, 19, 'Sabu Raijua ', 'Kabupaten'),
(305, 19, 'Sikka ', 'Kabupaten'),
(306, 19, 'Sumba Barat ', 'Kabupaten'),
(307, 19, 'Sumba Barat Daya ', 'Kabupaten'),
(308, 19, 'Sumba Tengah ', 'Kabupaten'),
(309, 19, 'Sumba Timur ', 'Kabupaten'),
(310, 19, 'Timor Tengah Selatan ', 'Kabupaten'),
(311, 19, 'Timor Tengah Utara ', 'Kabupaten'),
(312, 19, 'Kupang ', 'Kota'),
(313, 19, 'Malaka ', 'Kabupaten'),
(314, 20, 'Bengkayang ', 'Kabupaten'),
(315, 20, 'Kapuas Hulu ', 'Kabupaten'),
(316, 20, 'Kayong Utara ', 'Kabupaten'),
(317, 20, 'Ketapang ', 'Kabupaten'),
(318, 20, 'Kubu Raya ', 'Kabupaten'),
(319, 20, 'Landak ', 'Kabupaten'),
(320, 20, 'Melawi ', 'Kabupaten'),
(321, 20, 'Pontianak ', 'Kabupaten'),
(322, 20, 'Sambas ', 'Kabupaten'),
(323, 20, 'Sanggau ', 'Kabupaten'),
(324, 20, 'Sekadau ', 'Kabupaten'),
(325, 20, 'Sintang ', 'Kabupaten'),
(326, 20, 'Pontianak ', 'Kota'),
(327, 20, 'Singkawang ', 'Kota'),
(328, 21, 'Balangan ', 'Kabupaten'),
(329, 21, 'Banjar ', 'Kabupaten'),
(330, 21, 'Barito Kuala ', 'Kabupaten'),
(331, 21, 'Hulu Sungai Selatan ', 'Kabupaten'),
(332, 21, 'Hulu Sungai Tengah ', 'Kabupaten'),
(333, 21, 'Hulu Sungai Utara ', 'Kabupaten'),
(334, 21, 'Kotabaru ', 'Kabupaten'),
(335, 21, 'Tabalong ', 'Kabupaten'),
(336, 21, 'Tanah Bumbu ', 'Kabupaten'),
(337, 21, 'Tanah Laut ', 'Kabupaten'),
(338, 21, 'Tapin ', 'Kabupaten'),
(339, 21, 'Banjarbaru ', 'Kota'),
(340, 21, 'Banjarmasin ', 'Kota'),
(341, 22, 'Barito Selatan ', 'Kabupaten'),
(342, 22, 'Barito Timur ', 'Kabupaten'),
(343, 22, 'Barito Utara ', 'Kabupaten'),
(344, 22, 'Gunung Mas ', 'Kabupaten'),
(345, 22, 'Kapuas ', 'Kabupaten'),
(346, 22, 'Katingan ', 'Kabupaten'),
(347, 22, 'Kotawaringin Barat ', 'Kabupaten'),
(348, 22, 'Kotawaringin Timur ', 'Kabupaten'),
(349, 22, 'Lamandau ', 'Kabupaten'),
(350, 22, 'Murung Raya ', 'Kabupaten'),
(351, 22, 'Pulang Pisau ', 'Kabupaten'),
(352, 22, 'Sukamara ', 'Kabupaten'),
(353, 22, 'Seruyan ', 'Kabupaten'),
(354, 22, 'Palangka Raya ', 'Kota'),
(355, 23, 'Berau ', 'Kabupaten'),
(356, 23, 'Kutai Barat ', 'Kabupaten'),
(357, 23, 'Kutai Kartanegara ', 'Kabupaten'),
(358, 23, 'Kutai Timur ', 'Kabupaten'),
(359, 23, 'Paser ', 'Kabupaten'),
(360, 23, 'Penajam Paser Utara ', 'Kabupaten'),
(361, 23, 'Balikpapan ', 'Kota'),
(362, 23, 'Bontang ', 'Kota'),
(363, 23, 'Samarinda ', 'Kota'),
(364, 23, 'Mahakam Ulu ', 'Kabupaten'),
(365, 24, 'Bulungan ', 'Kabupaten'),
(366, 24, 'Malinau ', 'Kabupaten'),
(367, 24, 'Nunukan ', 'Kabupaten'),
(368, 24, 'Tana Tidung ', 'Kabupaten'),
(369, 24, 'Tarakan ', 'Kota'),
(370, 25, 'Boalemo ', 'Kabupaten'),
(371, 25, 'Bone Bolango ', 'Kabupaten'),
(372, 25, 'Gorontalo ', 'Kabupaten'),
(373, 25, 'Gorontalo Utara ', 'Kabupaten'),
(374, 25, 'Pohuwato ', 'Kabupaten'),
(375, 25, 'Gorontalo ', 'Kota'),
(376, 26, 'Bantaeng ', 'Kabupaten'),
(377, 26, 'Barru ', 'Kabupaten'),
(378, 26, 'Bone ', 'Kabupaten'),
(379, 26, 'Bulukumba ', 'Kabupaten'),
(380, 26, 'Enrekang ', 'Kabupaten'),
(381, 26, 'Gowa ', 'Kabupaten'),
(382, 26, 'Jeneponto ', 'Kabupaten'),
(383, 26, 'Kepulauan Selayar ', 'Kabupaten'),
(384, 26, 'Luwu ', 'Kabupaten'),
(385, 26, 'Luwu Timur ', 'Kabupaten'),
(386, 26, 'Luwu Utara ', 'Kabupaten'),
(387, 26, 'Maros ', 'Kabupaten'),
(388, 26, 'Pangkajene Dan Kepulauan ', 'Kabupaten'),
(389, 26, 'Pinrang ', 'Kabupaten'),
(390, 26, 'Sidenreng Rappang ', 'Kabupaten'),
(391, 26, 'Sinjai ', 'Kabupaten'),
(392, 26, 'Soppeng ', 'Kabupaten'),
(393, 26, 'Takalar ', 'Kabupaten'),
(394, 26, 'Tana Toraja ', 'Kabupaten'),
(395, 26, 'Toraja Utara ', 'Kabupaten'),
(396, 26, 'Wajo ', 'Kabupaten'),
(397, 26, 'Makassar ', 'Kota'),
(398, 26, 'Palopo ', 'Kota'),
(399, 26, 'Parepare ', 'Kota'),
(400, 27, 'Bombana ', 'Kabupaten'),
(401, 27, 'Buton ', 'Kabupaten'),
(402, 27, 'Buton Utara ', 'Kabupaten'),
(403, 27, 'Kolaka ', 'Kabupaten'),
(404, 27, 'Kolaka Utara ', 'Kabupaten'),
(405, 27, 'Konawe ', 'Kabupaten'),
(406, 27, 'Konawe Selatan ', 'Kabupaten'),
(407, 27, 'Konawe Utara ', 'Kabupaten'),
(408, 27, 'Muna ', 'Kabupaten'),
(409, 27, 'Wakatobi ', 'Kabupaten'),
(410, 27, 'Bau-Bau ', 'Kota'),
(411, 27, 'Kendari ', 'Kota'),
(412, 27, 'Kolaka Timur ', 'Kabupaten'),
(413, 28, 'Banggai ', 'Kabupaten'),
(414, 28, 'Banggai Kepulauan ', 'Kabupaten'),
(415, 28, 'Buol ', 'Kabupaten'),
(416, 28, 'Donggala ', 'Kabupaten'),
(417, 28, 'Morowali ', 'Kabupaten'),
(418, 28, 'Parigi Moutong ', 'Kabupaten'),
(419, 28, 'Poso ', 'Kabupaten'),
(420, 28, 'Tojo Una-Una ', 'Kabupaten'),
(421, 28, 'Toli-Toli ', 'Kabupaten'),
(422, 28, 'Sigi ', 'Kabupaten'),
(423, 28, 'Palu ', 'Kota'),
(424, 28, 'Banggai Laut ', 'Kabupaten'),
(425, 29, 'Bolaang Mongondow ', 'Kabupaten'),
(426, 29, 'Bolaang Mongondow Selatan ', 'Kabupaten'),
(427, 29, 'Bolaang Mongondow Timur ', 'Kabupaten'),
(428, 29, 'Bolaang Mongondow Utara ', 'Kabupaten'),
(429, 29, 'Kepulauan Sangihe ', 'Kabupaten'),
(430, 29, 'Kepulauan Siau Tagulandang Biaro ', 'Kabupaten'),
(431, 29, 'Kepulauan Talaud ', 'Kabupaten'),
(432, 29, 'Minahasa ', 'Kabupaten'),
(433, 29, 'Minahasa Selatan ', 'Kabupaten'),
(434, 29, 'Minahasa Tenggara ', 'Kabupaten'),
(435, 29, 'Minahasa Utara ', 'Kabupaten'),
(436, 29, 'Bitung ', 'Kota'),
(437, 29, 'Kotamobagu ', 'Kota'),
(438, 29, 'Manado ', 'Kota'),
(439, 29, 'Tomohon ', 'Kota'),
(440, 30, 'Majene ', 'Kabupaten'),
(441, 30, 'Mamasa ', 'Kabupaten'),
(442, 30, 'Mamuju ', 'Kabupaten'),
(443, 30, 'Mamuju Utara ', 'Kabupaten'),
(444, 30, 'Polewali Mandar ', 'Kabupaten'),
(445, 30, 'Mamuju Tengah ', 'Kabupaten'),
(446, 31, 'Buru ', 'Kabupaten'),
(447, 31, 'Buru Selatan ', 'Kabupaten'),
(448, 31, 'Kepulauan Aru ', 'Kabupaten'),
(449, 31, 'Maluku Barat Daya ', 'Kabupaten'),
(450, 31, 'Maluku Tengah ', 'Kabupaten'),
(451, 31, 'Maluku Tenggara ', 'Kabupaten'),
(452, 31, 'Maluku Tenggara Barat ', 'Kabupaten'),
(453, 31, 'Seram Bagian Barat ', 'Kabupaten'),
(454, 31, 'Seram Bagian Timur ', 'Kabupaten'),
(455, 31, 'Ambon ', 'Kota'),
(456, 31, 'Tual ', 'Kota'),
(457, 32, 'Halmahera Barat ', 'Kabupaten'),
(458, 32, 'Halmahera Tengah ', 'Kabupaten'),
(459, 32, 'Halmahera Utara ', 'Kabupaten'),
(460, 32, 'Halmahera Selatan ', 'Kabupaten'),
(461, 32, 'Kepulauan Sula ', 'Kabupaten'),
(462, 32, 'Halmahera Timur ', 'Kabupaten'),
(463, 32, 'Pulau Morotai ', 'Kabupaten'),
(464, 32, 'Ternate', 'Kota'),
(465, 32, 'Tidore Kepulauan ', 'Kota'),
(466, 32, 'Pulau Taliabu ', 'Kabupaten'),
(467, 33, 'Asmat ', 'Kabupaten'),
(468, 33, 'Biak Numfor ', 'Kabupaten'),
(469, 33, 'Boven Digoel ', 'Kabupaten'),
(470, 33, 'Deiyai ', 'Kabupaten'),
(471, 33, 'Dogiyai ', 'Kabupaten'),
(472, 33, 'Intan Jaya ', 'Kabupaten'),
(473, 33, 'Jayapura ', 'Kabupaten'),
(474, 33, 'Jayawijaya ', 'Kabupaten'),
(475, 33, 'Keerom ', 'Kabupaten'),
(476, 33, 'Kepulauan Yapen ', 'Kabupaten'),
(477, 33, 'Lanny Jaya ', 'Kabupaten'),
(478, 33, 'Mamberamo Raya ', 'Kabupaten'),
(479, 33, 'Mamberamo Tengah ', 'Kabupaten'),
(480, 33, 'Mappi ', 'Kabupaten'),
(481, 33, 'Merauke ', 'Kabupaten'),
(482, 33, 'Mimika ', 'Kabupaten'),
(483, 33, 'Nabire ', 'Kabupaten'),
(484, 33, 'Nduga ', 'Kabupaten'),
(485, 33, 'Paniai ', 'Kabupaten'),
(486, 33, 'Pegunungan Bintang ', 'Kabupaten'),
(487, 33, 'Puncak ', 'Kabupaten'),
(488, 33, 'Puncak Jaya ', 'Kabupaten'),
(489, 33, 'Sarmi ', 'Kabupaten'),
(490, 33, 'Supiori ', 'Kabupaten'),
(491, 33, 'Tolikara ', 'Kabupaten'),
(492, 33, 'Waropen ', 'Kabupaten'),
(493, 33, 'Yahukimo ', 'Kabupaten'),
(494, 33, 'Yalimo ', 'Kabupaten'),
(495, 33, 'Jayapura ', 'Kota'),
(496, 34, 'Fakfak ', 'Kabupaten'),
(497, 34, 'Kaimana ', 'Kabupaten'),
(498, 34, 'Manokwari ', 'Kabupaten'),
(499, 34, 'Manokwari Selatan ', 'Kabupaten'),
(500, 34, 'Maybrat ', 'Kabupaten'),
(501, 34, 'Pegunungan Arfak ', 'Kabupaten'),
(502, 34, 'Raja Ampat ', 'Kabupaten'),
(503, 34, 'Sorong ', 'Kabupaten'),
(504, 34, 'Sorong Selatan ', 'Kabupaten'),
(505, 34, 'Tambrauw ', 'Kabupaten'),
(506, 34, 'Teluk Bintuni ', 'Kabupaten'),
(507, 34, 'Teluk Wondama ', 'Kabupaten'),
(508, 34, 'Sorong ', 'Kota');

CREATE TABLE IF NOT EXISTS `loved_store` (
  `member_id` char(30) NOT NULL,
  `store_id` char(20) NOT NULL,
  `time_added` timestamp NOT NULL DEFAULT CURRENT_TIMESTAMP ON UPDATE CURRENT_TIMESTAMP,
  UNIQUE KEY `member_id` (`member_id`,`store_id`)
) ENGINE=InnoDB DEFAULT CHARSET=latin1;

CREATE TABLE IF NOT EXISTS `member` (
  `member_id` char(30) NOT NULL,
  `name` varchar(50) NOT NULL,
  `birthdate` date NOT NULL,
  `email` varchar(100) NOT NULL,
  `address` varchar(300) NOT NULL,
  `id_kabkota` smallint(5) unsigned NOT NULL,
  `pswd` varchar(60) NOT NULL,
  `short_bio` varchar(300) DEFAULT NULL COMMENT 'short biography / description',
  `egg` bigint(20) unsigned NOT NULL,
  PRIMARY KEY (`member_id`),
  UNIQUE KEY `email` (`email`),
  KEY `id_kabkota` (`id_kabkota`)
) ENGINE=InnoDB DEFAULT CHARSET=latin1;

CREATE TABLE IF NOT EXISTS `member_bag` (
  `member_id` char(30) NOT NULL,
  `bag_id` char(22) NOT NULL,
  `time_added` timestamp NOT NULL DEFAULT CURRENT_TIMESTAMP,
  `fl_active` datetime DEFAULT NULL,
  UNIQUE KEY `member_id` (`member_id`,`bag_id`),
  UNIQUE KEY `bag_id` (`bag_id`)
) ENGINE=InnoDB DEFAULT CHARSET=latin1;

CREATE TABLE IF NOT EXISTS `member_fr_photo` (
  `photo_id` char(20) NOT NULL,
  `member_id` char(30) NOT NULL,
  `photo` varchar(150) NOT NULL,
  `time_added` timestamp NOT NULL DEFAULT CURRENT_TIMESTAMP,
  PRIMARY KEY (`photo_id`),
  KEY `member_id` (`member_id`)
) ENGINE=InnoDB DEFAULT CHARSET=latin1;

CREATE TABLE IF NOT EXISTS `member_prf_photo` (
  `photo_id` char(20) NOT NULL,
  `member_id` char(30) NOT NULL,
  `photo` varchar(150) NOT NULL,
  `time_added` timestamp NOT NULL DEFAULT CURRENT_TIMESTAMP,
  `fl_active` enum('1') DEFAULT NULL,
  PRIMARY KEY (`photo_id`),
  UNIQUE KEY `member_id` (`member_id`,`fl_active`)
) ENGINE=InnoDB DEFAULT CHARSET=latin1;

CREATE TABLE IF NOT EXISTS `member_socme` (
  `member_id` char(30) NOT NULL,
  `socme_id` tinyint(3) unsigned NOT NULL,
  `url` varchar(300) NOT NULL,
  UNIQUE KEY `member_id` (`member_id`,`socme_id`)
) ENGINE=InnoDB DEFAULT CHARSET=latin1 COMMENT='member social media';

CREATE TABLE IF NOT EXISTS `promo` (
  `promo_id` int(10) unsigned NOT NULL AUTO_INCREMENT,
  `store_id` char(20) NOT NULL,
  `subject` varchar(150) NOT NULL,
  `desc` varchar(250) NOT NULL,
  `egg` tinyint(20) unsigned NOT NULL,
  `time_added` timestamp NOT NULL DEFAULT CURRENT_TIMESTAMP,
  `end_time` date NOT NULL,
  PRIMARY KEY (`promo_id`),
  KEY `store_id` (`store_id`)
) ENGINE=InnoDB DEFAULT CHARSET=latin1 AUTO_INCREMENT=1 ;

CREATE TABLE IF NOT EXISTS `provinsi` (
  `id` tinyint(3) unsigned NOT NULL AUTO_INCREMENT,
  `nama` varchar(50) NOT NULL,
  PRIMARY KEY (`id`),
  UNIQUE KEY `Name` (`nama`)
) ENGINE=InnoDB  DEFAULT CHARSET=latin1 AUTO_INCREMENT=35 ;

INSERT INTO `provinsi` (`id`, `nama`) VALUES
(1, 'Aceh'),
(17, 'Bali'),
(11, 'Banten'),
(7, 'Bengkulu'),
(16, 'Daerah Istimewa Yogyakarta'),
(13, 'DKI Jakarta'),
(25, 'Gorontalo'),
(6, 'Jambi'),
(12, 'Jawa Barat'),
(14, 'Jawa Tengah'),
(15, 'Jawa Timur'),
(20, 'Kalimantan Barat'),
(21, 'Kalimantan Selatan'),
(22, 'Kalimantan Tengah'),
(23, 'Kalimantan Timur'),
(24, 'Kalimantan Utara'),
(9, 'Kepulauan Bangka Belitung'),
(5, 'Kepulauan Riau'),
(10, 'Lampung'),
(31, 'Maluku'),
(32, 'Maluku Utara'),
(18, 'Nusa Tenggara Barat'),
(19, 'Nusa Tenggara Timur'),
(33, 'Papua'),
(34, 'Papua Barat'),
(4, 'Riau'),
(30, 'Sulawesi Barat'),
(26, 'Sulawesi Selatan'),
(28, 'Sulawesi Tengah'),
(27, 'Sulawesi Tenggara'),
(29, 'Sulawesi Utara'),
(3, 'Sumatera Barat'),
(8, 'Sumatera Selatan'),
(2, 'Sumatera Utara');

CREATE TABLE IF NOT EXISTS `social_media` (
  `socme_id` tinyint(3) unsigned NOT NULL AUTO_INCREMENT,
  `name` varchar(150) NOT NULL,
  `icon` varchar(50) NOT NULL,
  PRIMARY KEY (`socme_id`)
) ENGINE=InnoDB DEFAULT CHARSET=latin1 AUTO_INCREMENT=1 ;

CREATE TABLE IF NOT EXISTS `store` (
  `store_id` char(20) NOT NULL,
  `mrc_id` char(30) NOT NULL COMMENT 'merchant_id / secondary_id',
  `name` varchar(70) NOT NULL,
  `email` varchar(100) DEFAULT NULL,
  `address` varchar(300) NOT NULL,
  `id_kabkota` smallint(5) unsigned NOT NULL,
  `egg` bigint(20) unsigned NOT NULL DEFAULT '0',
  `about` tinytext NOT NULL,
  `site` varchar(30) DEFAULT NULL,
  `rating` float(5,4) NOT NULL DEFAULT '0.0000',
  PRIMARY KEY (`store_id`),
  UNIQUE KEY `mrc_id` (`mrc_id`),
  UNIQUE KEY `email` (`email`),
  KEY `id_kabkota` (`id_kabkota`)
) ENGINE=InnoDB DEFAULT CHARSET=latin1;

CREATE TABLE IF NOT EXISTS `store_rating` (
  `store_id` char(20) NOT NULL,
  `member_id` char(30) NOT NULL,
  `rating` enum('1','2','3','4','5') NOT NULL,
  UNIQUE KEY `store_id` (`store_id`,`member_id`)
) ENGINE=InnoDB DEFAULT CHARSET=latin1;

CREATE TABLE IF NOT EXISTS `store_socme` (
  `store_id` char(20) NOT NULL,
  `socme_id` tinyint(3) unsigned NOT NULL,
  `url` varchar(300) NOT NULL,
  UNIQUE KEY `store_id` (`store_id`,`socme_id`)
) ENGINE=InnoDB DEFAULT CHARSET=latin1;

/*!40101 SET CHARACTER_SET_CLIENT=@OLD_CHARACTER_SET_CLIENT */;
/*!40101 SET CHARACTER_SET_RESULTS=@OLD_CHARACTER_SET_RESULTS */;
/*!40101 SET COLLATION_CONNECTION=@OLD_COLLATION_CONNECTION */;
